{
"type": "FeatureCollection",
"name": "coast_segments",
"crs": { "type": "name", "properties": { "name": "urn:ogc:def:crs:OGC:1.3:CRS84" } },
"features": [
{ "type": "Feature", "properties": { "seg_id": "S000", "km_from_south": 0, "zone_km2": 16.8, "site_id": "" }, "geometry": { "type": "Polygon", "coordinates": [ [ [ 84.712838350981698, 19.078098814762761 ], [ 84.713835182021782, 19.0794430139944 ], [ 84.714035697327532, 19.079822877524041 ], [ 84.71547903158546, 19.082383455571104 ], [ 84.718121878894664, 19.086522312174726 ], [ 84.719845406175423, 19.0889212152418 ], [ 84.722939396906824, 19.092767193700524 ], [ 84.724923322671287, 19.094976822827203 ], [ 84.726628592709062, 19.096776004911124 ], [ 84.727623308364244, 19.097770503164437 ], [ 84.728184827623494, 19.099133090184676 ], [ 84.728946304478853, 19.100873056125366 ], [ 84.72990552021426, 19.102941980999464 ], [ 84.731654221223877, 19.106323766572547 ], [ 84.732791622703004, 19.108309448782062 ], [ 84.734830964417426, 19.111540836436145 ], [ 84.736138644624774, 19.113429440695427 ], [ 84.736208266296288, 19.113529699124783 ], [ 84.736594466799929, 19.114084237504876 ], [ 84.737083500007017, 19.113776502978254 ], [ 84.734961326702745, 19.11039981683173 ], [ 84.734391816858476, 19.109334924011076 ], [ 84.740907734408509, 19.106355016401242 ], [ 84.739556953168446, 19.105000623337187 ], [ 84.740386302854844, 19.102472324959471 ], [ 84.736221500749181, 19.098303083694976 ], [ 84.737050898768743, 19.094972123347091 ], [ 84.733278499394558, 19.09205584104178 ], [ 84.728333329870395, 19.092916426138814 ], [ 84.726250966747742, 19.090834031684903 ], [ 84.727468331702028, 19.088720444343448 ], [ 84.730834903437511, 19.087057213675504 ], [ 84.735833578100412, 19.08711071941806 ], [ 84.736662981740608, 19.087917778507389 ], [ 84.740836677895643, 19.087917823933275 ], [ 84.742919068446014, 19.085804204107529 ], [ 84.742941383063112, 19.083307106927382 ], [ 84.742058514537192, 19.082473244408057 ], [ 84.742111990712928, 19.077501333066333 ], [ 84.741220183276198, 19.075806851115342 ], [ 84.74497030324919, 19.07538770183978 ], [ 84.745835355747047, 19.074558312670852 ], [ 84.747083861236888, 19.075833661786085 ], [ 84.747083861236874, 19.076640787589472 ], [ 84.749968938645821, 19.079583738595414 ], [ 84.753304306733199, 19.079583711805238 ], [ 84.754552888189224, 19.080805513810592 ], [ 84.75458412229591, 19.083307135552307 ], [ 84.756666490369696, 19.085416260172249 ], [ 84.758307472033579, 19.085362774021657 ], [ 84.759551562237121, 19.086638070569464 ], [ 84.759551562237121, 19.089973418039069 ], [ 84.76122369152624, 19.091667879977184 ], [ 84.760524895701025, 19.097381417373427 ], [ 84.776659127799377, 19.089998636293448 ], [ 84.776224137569599, 19.089139568324633 ], [ 84.773718097517417, 19.085830918062744 ], [ 84.769584480024704, 19.075806886845992 ], [ 84.767029475312825, 19.072524961615756 ], [ 84.767060622937734, 19.071668881013949 ], [ 84.757857075222901, 19.062469727977223 ], [ 84.75458412229591, 19.055834569916403 ], [ 84.751572668127977, 19.052124839775335 ], [ 84.713620132390787, 19.07757474813944 ], [ 84.713366275395302, 19.077179068318792 ], [ 84.712446681959719, 19.075439220656808 ], [ 84.711915770429044, 19.075675821209703 ], [ 84.712893155507558, 19.077658381352986 ], [ 84.71305055242965, 19.077956566365149 ], [ 84.712838350981698, 19.078098814762761 ] ] ] } },
{ "type": "Feature", "properties": { "seg_id": "S001", "km_from_south": 5, "zone_km2": 14.9, "site_id": "" }, "geometry": { "type": "MultiPolygon", "coordinates": [ [ [ [ 84.736655264709086, 19.115037960470605 ], [ 84.737654729101621, 19.116836588222398 ], [ 84.739437760403874, 19.119772741198521 ], [ 84.740576427667037, 19.121495012398068 ], [ 84.741553684967158, 19.122913299835446 ], [ 84.743306547830187, 19.125355847666064 ], [ 84.744353466269672, 19.126756637296236 ], [ 84.745642977407428, 19.128414256096821 ], [ 84.747557832444642, 19.130689233505159 ], [ 84.748839765164846, 19.132594767669797 ], [ 84.750389231463743, 19.134675331344948 ], [ 84.753140526120944, 19.138023615669372 ], [ 84.753497812780026, 19.138418607211282 ], [ 84.753801301847943, 19.138848969039994 ], [ 84.754417145526787, 19.140549499886571 ], [ 84.755661524119589, 19.14366968858263 ], [ 84.756782855203554, 19.146239469008375 ], [ 84.757108113332364, 19.146924427853602 ], [ 84.757642794060956, 19.146695108572509 ], [ 84.756347404473118, 19.142371541566266 ], [ 84.757595927111737, 19.143952380744878 ], [ 84.75917272183078, 19.145841567645437 ], [ 84.75977007747241, 19.14651927420072 ], [ 84.760219755004883, 19.146161279149222 ], [ 84.757390418990113, 19.141744636110836 ], [ 84.757396405847629, 19.141739258723661 ], [ 84.757366882041751, 19.14170789346349 ], [ 84.755078114284828, 19.138134900507417 ], [ 84.753968276386047, 19.134430329901349 ], [ 84.796266163619222, 19.129133948867011 ], [ 84.796281154521665, 19.128335078788009 ], [ 84.795389316963522, 19.127470013090626 ], [ 84.795389316963522, 19.126667358127303 ], [ 84.794198718737846, 19.12624823698561 ], [ 84.793333682126175, 19.127889195329235 ], [ 84.790029478115898, 19.127055342165562 ], [ 84.788308263578429, 19.127889164345046 ], [ 84.787889080444842, 19.127470078607967 ], [ 84.788749740354476, 19.126636203311168 ], [ 84.787086460369082, 19.124946141485374 ], [ 84.787024027695864, 19.119167195210178 ], [ 84.784972869313719, 19.11541709628386 ], [ 84.782502494046994, 19.115359161412954 ], [ 84.78163743921624, 19.116224157673109 ], [ 84.781218286681693, 19.115804987408936 ], [ 84.782083347869815, 19.111640266792126 ], [ 84.777472695922214, 19.107916898426886 ], [ 84.772469536667529, 19.10791690842435 ], [ 84.769196544724679, 19.109584540593083 ], [ 84.763359592619523, 19.112054913903549 ], [ 84.759970714545759, 19.112054923837434 ], [ 84.759194790371907, 19.112915533819471 ], [ 84.757500372452455, 19.112888783905149 ], [ 84.755774670851963, 19.114583244853435 ], [ 84.754133696141636, 19.11535912432872 ], [ 84.750829532915915, 19.115390296269329 ], [ 84.748336881662595, 19.117084757709787 ], [ 84.745804116861009, 19.117058009015551 ], [ 84.743752911955966, 19.11336145971632 ], [ 84.743699437313964, 19.110833105873535 ], [ 84.741220183276198, 19.108331577031652 ], [ 84.741220183276198, 19.106668296476062 ], [ 84.740907734408438, 19.106355016401178 ], [ 84.733855857778849, 19.109580017046902 ], [ 84.735851999252219, 19.113524236738471 ], [ 84.736655264709086, 19.115037960470605 ] ] ], [ [ [ 84.800441496344675, 19.128610575367734 ], [ 84.800445956955244, 19.128335067948463 ], [ 84.798720280030551, 19.12578006961035 ], [ 84.798751489969064, 19.12416587297502 ], [ 84.796218731920476, 19.117499514030989 ], [ 84.79497464476816, 19.116224184404732 ], [ 84.793355977049089, 19.116250901300852 ], [ 84.792914535952065, 19.118306582929026 ], [ 84.794609017317967, 19.122471394698728 ], [ 84.797922111888752, 19.127501262952233 ], [ 84.79775741641896, 19.128947033350499 ], [ 84.800441496344675, 19.128610575367734 ] ] ], [ [ [ 84.760524895701039, 19.097381417373384 ], [ 84.760412171578722, 19.098303024754095 ], [ 84.761665138877461, 19.099582779256753 ], [ 84.764135460227678, 19.099556030036073 ], [ 84.765000541378626, 19.098695492361148 ], [ 84.768304761489247, 19.098749005772557 ], [ 84.774971091474839, 19.105361855719526 ], [ 84.779974190689586, 19.107082990503436 ], [ 84.786613833776428, 19.110445221641413 ], [ 84.790832136381937, 19.114556466243936 ], [ 84.792892240856446, 19.114110560066219 ], [ 84.792031643498817, 19.111640251777015 ], [ 84.787086460369082, 19.106668329584259 ], [ 84.786225854983059, 19.104108802237675 ], [ 84.783773372935443, 19.101611703947274 ], [ 84.77958624636652, 19.095779213511463 ], [ 84.776659127799377, 19.089998636293448 ], [ 84.760524895701039, 19.097381417373384 ] ] ] ] } },
{ "type": "Feature", "properties": { "seg_id": "S002", "km_from_south": 10, "zone_km2": 32.0, "site_id": "" }, "geometry": { "type": "Polygon", "coordinates": [ [ [ 84.75387832512034, 19.137777372610589 ], [ 84.754496465841655, 19.140853738931821 ], [ 84.755089615720038, 19.143403216854963 ], [ 84.755095286860083, 19.143424634769879 ], [ 84.755871861788876, 19.146025753371493 ], [ 84.756901227675598, 19.14911779308936 ], [ 84.75893838397181, 19.154164364799563 ], [ 84.760349235500087, 19.157117352068688 ], [ 84.761602540507965, 19.159544704638119 ], [ 84.763365502376843, 19.162715306062381 ], [ 84.763391133335404, 19.162761336908709 ], [ 84.763421924011283, 19.162816557049553 ], [ 84.763447610845873, 19.162862559771288 ], [ 84.765800836789893, 19.167070994259646 ], [ 84.76685143744011, 19.168851462836088 ], [ 84.768162348827559, 19.170959858105984 ], [ 84.770512164938395, 19.174376419601352 ], [ 84.772018155111269, 19.176363706887251 ], [ 84.774670142042552, 19.179549000633905 ], [ 84.775947321573483, 19.181586733058431 ], [ 84.777733545363077, 19.184123015804975 ], [ 84.78095653233305, 19.188184110466782 ], [ 84.781881278621611, 19.189222081095306 ], [ 84.782201381687599, 19.189726003174812 ], [ 84.783937214975523, 19.192151362653505 ], [ 84.787056420849964, 19.196038897739925 ], [ 84.787567155093228, 19.196608605770045 ], [ 84.823650336021515, 19.167400655361877 ], [ 84.821252108833548, 19.165002302674548 ], [ 84.820440567721619, 19.162474021252592 ], [ 84.815446354436801, 19.157470870891324 ], [ 84.81455012097075, 19.155000487209268 ], [ 84.813751935975048, 19.15330611032859 ], [ 84.809587072079566, 19.149141238866903 ], [ 84.805391095108106, 19.141641061600051 ], [ 84.801248548094037, 19.134194319310907 ], [ 84.801221797892111, 19.132473179409676 ], [ 84.800392455784831, 19.131639274662984 ], [ 84.800441496344675, 19.128610575367734 ], [ 84.79775741641896, 19.128947033350503 ], [ 84.797498461192191, 19.13122018129414 ], [ 84.796249943229611, 19.129998304403586 ], [ 84.796266163619222, 19.129133948867025 ], [ 84.753345500383148, 19.134508235200812 ], [ 84.753441236582631, 19.135199573642357 ], [ 84.75387832512034, 19.137777372610589 ] ] ] } },
{ "type": "Feature", "properties": { "seg_id": "S003", "km_from_south": 15, "zone_km2": 25.6, "site_id": "" }, "geometry": { "type": "Polygon", "coordinates": [ [ [ 84.7907793428041, 19.200089502805611 ], [ 84.792454782407987, 19.201765340279334 ], [ 84.793578365424082, 19.203372275337884 ], [ 84.79499744124108, 19.205226490262369 ], [ 84.79551308905107, 19.205843561835266 ], [ 84.795776541516943, 19.20630599755675 ], [ 84.79707802783156, 19.208366564414913 ], [ 84.799405419105398, 19.211706063499715 ], [ 84.800894057716349, 19.213648950865721 ], [ 84.803523918393367, 19.216779366974414 ], [ 84.804702104892144, 19.21806080178137 ], [ 84.805954036026975, 19.219667035461381 ], [ 84.808421990321563, 19.222573840142516 ], [ 84.809977454044031, 19.224258256345696 ], [ 84.811304260938314, 19.225636461289465 ], [ 84.819119356019115, 19.233424025035532 ], [ 84.853524332484966, 19.202261360741193 ], [ 84.842027100662193, 19.190807073182746 ], [ 84.842058286838423, 19.189946516042518 ], [ 84.837059608274075, 19.18497462352456 ], [ 84.835418665798443, 19.180805355416311 ], [ 84.83208324680345, 19.177443199300811 ], [ 84.830415583217288, 19.174165748920526 ], [ 84.823650336021515, 19.167400655361877 ], [ 84.787567155093257, 19.196608605770074 ], [ 84.789058151879047, 19.198271737519995 ], [ 84.7907793428041, 19.200089502805611 ] ] ] } },
{ "type": "Feature", "properties": { "seg_id": "S004", "km_from_south": 20, "zone_km2": 32.8, "site_id": "" }, "geometry": { "type": "Polygon", "coordinates": [ [ [ 84.819119356019115, 19.233424025035529 ], [ 84.826335417517626, 19.240613778459053 ], [ 84.828373028367281, 19.24252508761251 ], [ 84.83088869857194, 19.244746640439359 ], [ 84.832474793999424, 19.245986842322949 ], [ 84.848578220078878, 19.262051403465296 ], [ 84.849964794985809, 19.26337831932868 ], [ 84.851662698090351, 19.264937224647657 ], [ 84.854603414248473, 19.267421916365489 ], [ 84.856431346805621, 19.268842084012668 ], [ 84.858689757614314, 19.270491909062212 ], [ 84.859164449154719, 19.27081765386226 ], [ 84.886769720772023, 19.234528614605821 ], [ 84.886640393549825, 19.234528622999331 ], [ 84.864942407964108, 19.21288857105873 ], [ 84.86416648257196, 19.212861835385002 ], [ 84.853524332484966, 19.202261360741193 ], [ 84.832328596957794, 19.221461928864009 ], [ 84.82690865131849, 19.184567108733582 ], [ 84.826446902645031, 19.184223108541172 ], [ 84.826428921393884, 19.18424489791904 ], [ 84.823734496359592, 19.187862269671232 ], [ 84.821426102378354, 19.191713109226924 ], [ 84.819525985933893, 19.195760347434501 ], [ 84.818052467805899, 19.199965022310671 ], [ 84.81701976580635, 19.204286653682921 ], [ 84.816437856820926, 19.208683632528171 ], [ 84.816312379523637, 19.213113621277948 ], [ 84.816644578747173, 19.21753396125094 ], [ 84.81743129209562, 19.22190208330117 ], [ 84.818664978982184, 19.226175917734054 ], [ 84.820333791866744, 19.230314299545007 ], [ 84.821050740638341, 19.23167517113151 ], [ 84.819119356019115, 19.233424025035529 ] ] ] } },
{ "type": "Feature", "properties": { "seg_id": "S005", "km_from_south": 25, "zone_km2": 28.6, "site_id": "" }, "geometry": { "type": "Polygon", "coordinates": [ [ [ 84.853770289593584, 19.265572917813913 ], [ 84.853342399509401, 19.265954624141859 ], [ 84.854230730897285, 19.266852711749102 ], [ 84.855531231128438, 19.26811695745959 ], [ 84.85712251519486, 19.269604465472284 ], [ 84.859874840775618, 19.271983168118943 ], [ 84.861236535353001, 19.273070586832624 ], [ 84.866833094547786, 19.278679275222864 ], [ 84.868810555215887, 19.280547931282008 ], [ 84.871250759789092, 19.282722300947292 ], [ 84.875132417300449, 19.285795059728912 ], [ 84.875148636433323, 19.285808586890184 ], [ 84.875167351531729, 19.285822713167558 ], [ 84.8755346955937, 19.286113496566628 ], [ 84.875787970010521, 19.286291157679699 ], [ 84.877239091550393, 19.28738645049361 ], [ 84.879020019038606, 19.288667004772872 ], [ 84.881193987865984, 19.29015515617785 ], [ 84.883647532781282, 19.291673645603844 ], [ 84.884101847665761, 19.292066674182571 ], [ 84.88546597938165, 19.293157578570721 ], [ 84.886348964144972, 19.294030784404338 ], [ 84.887620808401365, 19.295241764342052 ], [ 84.889175473569722, 19.296666974582202 ], [ 84.891859508115289, 19.298947442404788 ], [ 84.891938017285099, 19.299009226301052 ], [ 84.922223321396402, 19.264305562662326 ], [ 84.917475085687542, 19.259611015037216 ], [ 84.916641166086592, 19.259584298586756 ], [ 84.91583408924842, 19.261247487325658 ], [ 84.912498716629401, 19.261278732882769 ], [ 84.911223407723142, 19.262442586635604 ], [ 84.911245656349763, 19.275026193670818 ], [ 84.910385104865497, 19.275806517762479 ], [ 84.910447481383599, 19.277469775521315 ], [ 84.909140976909541, 19.278722702577337 ], [ 84.908721811574793, 19.274138823750494 ], [ 84.907058628211189, 19.271637256543098 ], [ 84.907080878479164, 19.269166935950857 ], [ 84.908721811574793, 19.264997644703143 ], [ 84.907058628211189, 19.263334344507665 ], [ 84.910001626820687, 19.26039137342169 ], [ 84.911638104790029, 19.259584262104596 ], [ 84.91500022484783, 19.259584258683912 ], [ 84.915388197783102, 19.258304501351013 ], [ 84.912529943458026, 19.255415025201142 ], [ 84.90746882638534, 19.252891135642869 ], [ 84.905805606113574, 19.251223459071308 ], [ 84.904976202716412, 19.251250204563817 ], [ 84.893333469649406, 19.239585209996903 ], [ 84.892499590917055, 19.239585185092814 ], [ 84.887496537184134, 19.234528565733179 ], [ 84.886750022593546, 19.234528615890163 ], [ 84.872099500659033, 19.252332532284296 ], [ 84.867974927777993, 19.222702923363524 ], [ 84.867515487720354, 19.222355996790604 ], [ 84.864794486899882, 19.225956930618167 ], [ 84.862458509051663, 19.229793130113638 ], [ 84.860529523017306, 19.233828316005905 ], [ 84.85902612731752, 19.238023642478908 ], [ 84.857962827277333, 19.242338719510315 ], [ 84.85734989430739, 19.246732001337488 ], [ 84.857193265787899, 19.251161186148146 ], [ 84.857494486565272, 19.255583623162739 ], [ 84.85825069267527, 19.259956723200403 ], [ 84.859454637503134, 19.264238368781797 ], [ 84.860377698595258, 19.26657342233085 ], [ 84.858108004302608, 19.269330484503225 ], [ 84.855114969071394, 19.266864668786525 ], [ 84.853770289593584, 19.265572917813913 ] ] ] } },
{ "type": "Feature", "properties": { "seg_id": "S006", "km_from_south": 30, "zone_km2": 27.0, "site_id": "" }, "geometry": { "type": "Polygon", "coordinates": [ [ [ 84.891938017284701, 19.29900922630074 ], [ 84.893056959291314, 19.299889785211246 ], [ 84.894475301001762, 19.301290684418042 ], [ 84.895887470543613, 19.302628155447174 ], [ 84.897616796099157, 19.304198673630289 ], [ 84.90061213311138, 19.306699136720287 ], [ 84.902474051197174, 19.308126533377884 ], [ 84.904092564629778, 19.309264262259706 ], [ 84.904884034820384, 19.310023033919926 ], [ 84.906594821135428, 19.311596058090529 ], [ 84.909558938962689, 19.31410250222465 ], [ 84.911401996519317, 19.315534589449175 ], [ 84.911780513755318, 19.31581697246402 ], [ 84.911789423386637, 19.315824693926317 ], [ 84.913911892524752, 19.317575060279257 ], [ 84.914650816379876, 19.31812622324917 ], [ 84.915222717714585, 19.318698263907613 ], [ 84.91679559446851, 19.320199395647208 ], [ 84.918726516320177, 19.32195775441475 ], [ 84.922085967662682, 19.324741887788573 ], [ 84.924181956308033, 19.326320813629387 ], [ 84.927801452936691, 19.328793975047372 ], [ 84.930044084820608, 19.330179577635327 ], [ 84.931941496559787, 19.331292626709505 ], [ 84.934166669424755, 19.332530435648248 ], [ 84.958212922594925, 19.293564686619334 ], [ 84.952501277115758, 19.290387764209939 ], [ 84.946642035797311, 19.284528537280554 ], [ 84.945808150639962, 19.284582011073326 ], [ 84.942472804143861, 19.281219830511919 ], [ 84.941612173265554, 19.281219886663024 ], [ 84.934999322520113, 19.274611436657569 ], [ 84.931695108092086, 19.272890266606147 ], [ 84.924944059349968, 19.266223872343954 ], [ 84.924163714105646, 19.266223909847504 ], [ 84.922223321396402, 19.264305562662326 ], [ 84.892439934919793, 19.298434256604789 ], [ 84.891582124106847, 19.297628549457876 ], [ 84.8911587993545, 19.298014917285784 ], [ 84.892043322941348, 19.298888594320559 ], [ 84.891938017284701, 19.29900922630074 ] ] ] } },
{ "type": "Feature", "properties": { "seg_id": "S007", "km_from_south": 35, "zone_km2": 22.5, "site_id": "" }, "geometry": { "type": "Polygon", "coordinates": [ [ [ 84.927590909245595, 19.326890363033471 ], [ 84.927186000315032, 19.327294213207725 ], [ 84.927530956757209, 19.327605897323561 ], [ 84.92908036067864, 19.328945344090528 ], [ 84.930976060991014, 19.330513019514335 ], [ 84.934253791409915, 19.332991148045682 ], [ 84.93628755063186, 19.334394338796105 ], [ 84.937526090539649, 19.33517209935372 ], [ 84.938863473246343, 19.336521439764127 ], [ 84.940850988979051, 19.338411445512577 ], [ 84.94330459531848, 19.340610536181167 ], [ 84.947615159842769, 19.344039771457236 ], [ 84.950325186046001, 19.345948561619 ], [ 84.952633159352288, 19.347475784536876 ], [ 84.954430577163663, 19.348591651927915 ], [ 84.959776596059541, 19.352704239549613 ], [ 84.961413414932181, 19.35390828662479 ], [ 84.963409818561288, 19.35531188097956 ], [ 84.966841327664653, 19.357511525477094 ], [ 84.968958833243008, 19.35874500183461 ], [ 84.969266103858203, 19.358269811943348 ], [ 84.966751747322604, 19.356675777759058 ], [ 84.963865493238558, 19.354450043049994 ], [ 84.995413033830616, 19.321466118259568 ], [ 84.994162655385168, 19.320388609350513 ], [ 84.993333283750374, 19.320388551012506 ], [ 84.982497642176497, 19.312054505309955 ], [ 84.975831341750535, 19.307916518105714 ], [ 84.969169409419749, 19.301196636887685 ], [ 84.968308790031173, 19.301250100845344 ], [ 84.965807267234695, 19.298748572606932 ], [ 84.963332465538215, 19.297861240399513 ], [ 84.959997046384416, 19.294556989895998 ], [ 84.958212922594925, 19.293564686619334 ], [ 84.934479908933781, 19.332023000192592 ], [ 84.934297821048219, 19.331916328756336 ], [ 84.927590909245595, 19.326890363033471 ] ] ] } },
{ "type": "Feature", "properties": { "seg_id": "S008", "km_from_south": 40, "zone_km2": 26.8, "site_id": "" }, "geometry": { "type": "Polygon", "coordinates": [ [ [ 84.967279709746919, 19.358155162389931 ], [ 84.969284364074696, 19.359730761245466 ], [ 84.970976729030696, 19.360941814907648 ], [ 84.972674658109824, 19.362442481001501 ], [ 84.976854505944559, 19.365734516896385 ], [ 84.979477189104628, 19.367570626654107 ], [ 84.981708849029005, 19.369041450225261 ], [ 84.988682855002708, 19.373362757573954 ], [ 84.990607374931642, 19.374494135122998 ], [ 84.992949546611271, 19.375798877456486 ], [ 84.994928645233117, 19.376842069439096 ], [ 85.002057664351085, 19.380391656240992 ], [ 85.004081066082549, 19.381951071575791 ], [ 85.007726283144223, 19.384497160913025 ], [ 85.007978107043456, 19.384656101963568 ], [ 85.034231103628827, 19.347186714649897 ], [ 85.02916660370434, 19.342889219578858 ], [ 85.015829478332719, 19.336249570506421 ], [ 85.004975973615231, 19.329525277063517 ], [ 85.001640569092416, 19.326221113478447 ], [ 85.000833521300777, 19.326221060231997 ], [ 84.999999646974175, 19.325418430782761 ], [ 84.995413033830616, 19.321466118259568 ], [ 84.963432445567747, 19.354902667756846 ], [ 84.965640740962812, 19.356805992918723 ], [ 84.967279709746919, 19.358155162389931 ] ] ] } },
{ "type": "Feature", "properties": { "seg_id": "S009", "km_from_south": 45, "zone_km2": 21.0, "site_id": "" }, "geometry": { "type": "Polygon", "coordinates": [ [ [ 85.013871336018852, 19.388130191990097 ], [ 85.016265347919443, 19.389347003597045 ], [ 85.018285807481703, 19.39031595262372 ], [ 85.019029419403708, 19.390651733149689 ], [ 85.02897672107558, 19.396882903108775 ], [ 85.031263387748282, 19.398228693987772 ], [ 85.03405333632584, 19.399768745113224 ], [ 85.0388488043601, 19.402081957940165 ], [ 85.041804214563612, 19.403313320708566 ], [ 85.045021910927403, 19.404452756694475 ], [ 85.047556482488119, 19.405965377199458 ], [ 85.051036959186433, 19.407776598145535 ], [ 85.051779200134106, 19.408188717014671 ], [ 85.053020133893057, 19.408802236430333 ], [ 85.053032375687437, 19.408779944728078 ], [ 85.053423653922508, 19.408955568092523 ], [ 85.053674939981789, 19.408451548512243 ], [ 85.049501593544363, 19.396671401416778 ], [ 85.072189079595901, 19.372782290123681 ], [ 85.069967408410974, 19.371249102027399 ], [ 85.066636435133404, 19.371275840653464 ], [ 85.065802590964452, 19.37038852416519 ], [ 85.063278715980289, 19.370361695000206 ], [ 85.056639151090266, 19.375413847775494 ], [ 85.051613760331676, 19.375413880147363 ], [ 85.050802202013259, 19.376278941691922 ], [ 85.047471193888015, 19.377081568457175 ], [ 85.04039015989197, 19.384113607458318 ], [ 85.040412436679063, 19.385776817450804 ], [ 85.038749263798664, 19.389165731900768 ], [ 85.038718027798296, 19.391609390632009 ], [ 85.037942116774403, 19.391667315847055 ], [ 85.037888602538345, 19.384969703542144 ], [ 85.039556319885293, 19.38249940843189 ], [ 85.038307756375886, 19.381219622039296 ], [ 85.036635641244615, 19.382887356965497 ], [ 85.036225354533101, 19.38247268330176 ], [ 85.036225354533101, 19.379137199077704 ], [ 85.039168411179986, 19.375387141504635 ], [ 85.04413578564241, 19.37372384761818 ], [ 85.047078821909253, 19.370834352145746 ], [ 85.047078821909253, 19.369973832349583 ], [ 85.048309513143494, 19.369581419612423 ], [ 85.050004027376829, 19.367891372971719 ], [ 85.051636032641895, 19.367891417173723 ], [ 85.05249664058347, 19.367057556532284 ], [ 85.055832024868437, 19.367084314814811 ], [ 85.056607925096515, 19.366223699901315 ], [ 85.066636435133404, 19.366223689476978 ], [ 85.068335384739683, 19.367057499243355 ], [ 85.072442174122543, 19.371222377885839 ], [ 85.073377744723643, 19.37153037869157 ], [ 85.075543630517743, 19.369249176696147 ], [ 85.075028461781102, 19.368720811985341 ], [ 85.072500171411917, 19.367891387071868 ], [ 85.069137972046619, 19.365389867237322 ], [ 85.064139382072057, 19.362861498466529 ], [ 85.059996873733851, 19.362085627263909 ], [ 85.05577852777482, 19.359557361044899 ], [ 85.042472565065424, 19.35122331089477 ], [ 85.035025872976533, 19.347861086821517 ], [ 85.034231103628812, 19.347186714649897 ], [ 85.032733605382759, 19.349324620720154 ], [ 85.032093761530561, 19.347517436878405 ], [ 85.031572848747018, 19.347259745740718 ], [ 85.031569204297043, 19.347266383187058 ], [ 85.029616892134086, 19.351292458752315 ], [ 85.028089643593574, 19.355480758581663 ], [ 85.027903007471636, 19.35622052711367 ], [ 85.007978107043201, 19.384656101963408 ], [ 85.009987545039223, 19.385924355343001 ], [ 85.013871336018852, 19.388130191990097 ] ] ] } },
{ "type": "Feature", "properties": { "seg_id": "S010", "km_from_south": 50, "zone_km2": 22.6, "site_id": "" }, "geometry": { "type": "MultiPolygon", "coordinates": [ [ [ [ 85.038567243868457, 19.392569234702595 ], [ 85.038926054678925, 19.393335027524731 ], [ 85.03894403907367, 19.39332743984458 ], [ 85.039804145269585, 19.395219512182194 ], [ 85.040924307904987, 19.397407872397952 ], [ 85.04296197310687, 19.400971925393257 ], [ 85.043944867515293, 19.40252083298293 ], [ 85.043732852759007, 19.402744003314805 ], [ 85.044181192334705, 19.403127482772145 ], [ 85.04452289276928, 19.403396167501182 ], [ 85.046436614023932, 19.406126458671238 ], [ 85.046988874295934, 19.407809454458455 ], [ 85.048476377214001, 19.41170352701678 ], [ 85.049480891373008, 19.413998676660036 ], [ 85.051338256921568, 19.417747051614437 ], [ 85.052560241604922, 19.419945218271003 ], [ 85.053978927498918, 19.422320287756271 ], [ 85.054297722318921, 19.422818267838498 ], [ 85.055301735135515, 19.424319191308975 ], [ 85.057133489431777, 19.426941893429131 ], [ 85.060448868747642, 19.431137511402529 ], [ 85.062264609842543, 19.433176871746038 ], [ 85.063424203785075, 19.434634094416911 ], [ 85.063797984292933, 19.435069794360068 ], [ 85.100512995128355, 19.40671376420995 ], [ 85.099611488397059, 19.405807145428689 ], [ 85.09955795414092, 19.405000024300371 ], [ 85.095388696864674, 19.400835232810209 ], [ 85.095388696864674, 19.399974613456116 ], [ 85.09122395853791, 19.394998299248119 ], [ 85.09122395853791, 19.389999623336312 ], [ 85.087915246794608, 19.383306515563689 ], [ 85.08330459931139, 19.377861912950454 ], [ 85.081641279029412, 19.377054857846122 ], [ 85.07958125013559, 19.377500746265113 ], [ 85.079558909764515, 19.379137272895644 ], [ 85.081222133809604, 19.381638789012634 ], [ 85.080865410302962, 19.382084674180444 ], [ 85.079170962246522, 19.381219627120679 ], [ 85.076250296943783, 19.378303385226392 ], [ 85.075362880617661, 19.37497245594599 ], [ 85.072189079596114, 19.372782290123819 ], [ 85.045634967136976, 19.400741772590791 ], [ 85.045308394801481, 19.399745987619802 ], [ 85.044734930828099, 19.399867576087622 ], [ 85.045029627519028, 19.401119020402096 ], [ 85.039178925741396, 19.392453478634646 ], [ 85.038720745087232, 19.391396825286272 ], [ 85.038718027798296, 19.391609390632009 ], [ 85.038181273135166, 19.391649462119464 ], [ 85.038594205542452, 19.392557859471808 ], [ 85.038567243868457, 19.392569234702595 ] ] ], [ [ [ 85.073377744723814, 19.371530378691627 ], [ 85.074974983102948, 19.372056194851346 ], [ 85.077498803843653, 19.374526487421953 ], [ 85.079170962246522, 19.375413915049752 ], [ 85.081641279029412, 19.375387137124392 ], [ 85.082082760461844, 19.374196575969727 ], [ 85.079942418224306, 19.372109691953241 ], [ 85.07746758953158, 19.371222377088529 ], [ 85.075543630517743, 19.369249176696151 ], [ 85.073377744723814, 19.371530378691627 ] ] ], [ [ [ 85.037911502594298, 19.390995255983551 ], [ 85.037937263154788, 19.391059742824094 ], [ 85.037936675650442, 19.390986200959141 ], [ 85.037911502594298, 19.390995255983551 ] ] ] ] } },
{ "type": "Feature", "properties": { "seg_id": "S011", "km_from_south": 55, "zone_km2": 32.0, "site_id": "RUS" }, "geometry": { "type": "Polygon", "coordinates": [ [ [ 85.063797984292904, 19.435069794360018 ], [ 85.066053346044853, 19.43769871147618 ], [ 85.068342639391119, 19.440176664228783 ], [ 85.070978042861199, 19.442827471133239 ], [ 85.073020625258849, 19.444761008993368 ], [ 85.075543626181059, 19.447008665621762 ], [ 85.078215145577929, 19.449114688075685 ], [ 85.080014513935438, 19.450672210456379 ], [ 85.08259470330195, 19.452775410873571 ], [ 85.085502640022867, 19.454873588383609 ], [ 85.08625125091443, 19.455628190795544 ], [ 85.088072810717819, 19.457367208306344 ], [ 85.090316809599557, 19.459396220690362 ], [ 85.094244866294886, 19.462580384103745 ], [ 85.096707590943467, 19.464366733776018 ], [ 85.100350067043962, 19.466723049124685 ], [ 85.101736284575068, 19.467873160371234 ], [ 85.103733854893392, 19.469386325163786 ], [ 85.105428280501812, 19.47061194423587 ], [ 85.106130949137295, 19.47109699715487 ], [ 85.10647689040168, 19.470646176390982 ], [ 85.104486297953173, 19.469133158337296 ], [ 85.104992506099691, 19.469415287223711 ], [ 85.105290336617529, 19.468934559292133 ], [ 85.103954585023672, 19.467984958770717 ], [ 85.13615619560224, 19.436380209569109 ], [ 85.134165084408522, 19.434554967751371 ], [ 85.133331223439384, 19.43460847006374 ], [ 85.129135215092489, 19.430443654074885 ], [ 85.124136552761343, 19.427915353153995 ], [ 85.116667521909719, 19.420388368117635 ], [ 85.113305378057206, 19.418751915722069 ], [ 85.110032422488743, 19.41544320148207 ], [ 85.109167319087831, 19.415416464864769 ], [ 85.100512995128355, 19.406713764209947 ], [ 85.077419515532185, 19.424551635910486 ], [ 85.072077786435116, 19.386930395793257 ], [ 85.071617315913429, 19.386584056450296 ], [ 85.071609258143127, 19.386593703768771 ], [ 85.068891166879624, 19.390198004975279 ], [ 85.066558336326366, 19.394037724811465 ], [ 85.064633248553434, 19.398075901231763 ], [ 85.063134465139427, 19.402273659485942 ], [ 85.062076447576885, 19.406590585922881 ], [ 85.061469416952988, 19.410985116692075 ], [ 85.06131925429726, 19.415414937619126 ], [ 85.06162744260179, 19.419837391420039 ], [ 85.062391051124067, 19.424209888344276 ], [ 85.06360276217795, 19.428490316298824 ], [ 85.065250940209566, 19.432637446505215 ], [ 85.065737585643987, 19.433572243030628 ], [ 85.063797984292904, 19.435069794360018 ] ] ] } },
{ "type": "Feature", "properties": { "seg_id": "S012", "km_from_south": 60, "zone_km2": 27.8, "site_id": "" }, "geometry": { "type": "Polygon", "coordinates": [ [ [ 85.109504654739382, 19.474665977548447 ], [ 85.111841042771871, 19.476587174602944 ], [ 85.114155210562728, 19.478291033050098 ], [ 85.114966843079173, 19.478986048752368 ], [ 85.116920093758438, 19.480584196745522 ], [ 85.120299059689486, 19.483105643250383 ], [ 85.122396433623734, 19.484530143492723 ], [ 85.125317740174594, 19.48633070594876 ], [ 85.126423126879871, 19.487225482619742 ], [ 85.128164873867988, 19.488579984346309 ], [ 85.131159417680323, 19.490727191367451 ], [ 85.133008330199985, 19.491947333882884 ], [ 85.133330371246188, 19.492151037477754 ], [ 85.134534513766539, 19.493117242110955 ], [ 85.135238384974485, 19.493630879371914 ], [ 85.136855237452409, 19.495097752975205 ], [ 85.14088909938036, 19.498369120668301 ], [ 85.143421070115949, 19.50020095676145 ], [ 85.147813993160753, 19.503026210970276 ], [ 85.148564942787104, 19.503453250113406 ], [ 85.172987001313487, 19.464823579213153 ], [ 85.17077429144058, 19.46372193030739 ], [ 85.16666298449509, 19.459552625353432 ], [ 85.165802402919567, 19.459552672939218 ], [ 85.16247590776338, 19.456248492527198 ], [ 85.158302199980625, 19.45372015174344 ], [ 85.153357039372182, 19.44955534950871 ], [ 85.148309368227359, 19.447027049850597 ], [ 85.144942732500823, 19.443722845053362 ], [ 85.144166797927241, 19.443722888247063 ], [ 85.13615619560224, 19.436380209569109 ], [ 85.103067026841643, 19.468855794543256 ], [ 85.107603413995264, 19.473014961791176 ], [ 85.109504654739382, 19.474665977548447 ] ] ] } },
{ "type": "Feature", "properties": { "seg_id": "S013", "km_from_south": 65, "zone_km2": 24.8, "site_id": "" }, "geometry": { "type": "Polygon", "coordinates": [ [ [ 85.148564942787146, 19.503453250113434 ], [ 85.150545336168236, 19.504579406746821 ], [ 85.152859555111107, 19.505813525689931 ], [ 85.1531041287584, 19.505935568150356 ], [ 85.154797767177925, 19.507082474276253 ], [ 85.15814177122509, 19.509141267040793 ], [ 85.158213311819054, 19.509189621738969 ], [ 85.161349718349982, 19.51110028946351 ], [ 85.161682110223225, 19.511349203251413 ], [ 85.162793110803563, 19.51211104467653 ], [ 85.164538612555162, 19.513698714396948 ], [ 85.167779992783622, 19.516390801220833 ], [ 85.169799933964583, 19.517920964171672 ], [ 85.17328479813844, 19.520324194259178 ], [ 85.175442412540917, 19.521674952831209 ], [ 85.175528261396053, 19.521726091092091 ], [ 85.176081459258455, 19.522180834929436 ], [ 85.180351878997314, 19.525307656722177 ], [ 85.183022159026834, 19.527043107579097 ], [ 85.185290664081577, 19.528429497433187 ], [ 85.18703091096279, 19.529428011185445 ], [ 85.211688797827961, 19.490785011947395 ], [ 85.20664325877307, 19.487890291321246 ], [ 85.204168469902697, 19.485388727129358 ], [ 85.198331527835677, 19.48208448749131 ], [ 85.193306145421715, 19.477081425245888 ], [ 85.190862541240918, 19.476194004318433 ], [ 85.188329800699265, 19.473723690677204 ], [ 85.185805957902957, 19.472889874888754 ], [ 85.184133769455372, 19.471248903606146 ], [ 85.181663427183551, 19.470388301121048 ], [ 85.179139596067984, 19.467891180836403 ], [ 85.174956943841323, 19.465804326682154 ], [ 85.172987001313487, 19.464823579213153 ], [ 85.149264162618707, 19.502347584797533 ], [ 85.148978219058463, 19.502129586289055 ], [ 85.148595500379358, 19.502552901301158 ], [ 85.148951363243199, 19.502842211918569 ], [ 85.148564942787146, 19.503453250113434 ] ] ] } },
{ "type": "Feature", "properties": { "seg_id": "S014", "km_from_south": 70, "zone_km2": 30.0, "site_id": "" }, "geometry": { "type": "Polygon", "coordinates": [ [ [ 85.178796613458147, 19.522397493063952 ], [ 85.178370411075846, 19.522781699968021 ], [ 85.179690635043855, 19.52409828981525 ], [ 85.18160794043834, 19.525904743777645 ], [ 85.183971750841295, 19.528008854472962 ], [ 85.188115018550803, 19.531298129804636 ], [ 85.190715124187619, 19.533134789173705 ], [ 85.192263390372872, 19.53410400065934 ], [ 85.192340510313684, 19.534161040311776 ], [ 85.192741515763231, 19.534541238289815 ], [ 85.195184991148395, 19.536725550214214 ], [ 85.199476144591216, 19.540132892828243 ], [ 85.199878342433749, 19.540415856300115 ], [ 85.200891663388489, 19.541204567706245 ], [ 85.203354352989408, 19.542997228879809 ], [ 85.206023226306613, 19.544811977816948 ], [ 85.207354226615323, 19.545923557126098 ], [ 85.209045375225088, 19.547271165794786 ], [ 85.21111323925048, 19.548842814618062 ], [ 85.21468415497047, 19.55130790146551 ], [ 85.216896781267067, 19.552691173296729 ], [ 85.218768866516868, 19.553803343558897 ], [ 85.223358341078892, 19.556391215020771 ], [ 85.223659047239693, 19.555911975389812 ], [ 85.222187017764085, 19.555037647375318 ], [ 85.21902352923756, 19.552855095896582 ], [ 85.217976005139406, 19.552021157664768 ], [ 85.24905141877484, 19.518536283588638 ], [ 85.24827788772852, 19.517891083068783 ], [ 85.240835656354051, 19.513695092579486 ], [ 85.234945245780125, 19.508776668965819 ], [ 85.23163658491805, 19.507055435909599 ], [ 85.230026857877476, 19.505387751870042 ], [ 85.229166237007306, 19.505445743287044 ], [ 85.224136317151718, 19.500389109259867 ], [ 85.223356042261031, 19.500389150499849 ], [ 85.22086335534901, 19.497887567543746 ], [ 85.218330570008305, 19.497084897479546 ], [ 85.212449052074319, 19.491221163743653 ], [ 85.211688797827961, 19.490785011947395 ], [ 85.192294065635465, 19.521181759414372 ], [ 85.180024120640354, 19.47318275054943 ], [ 85.179528633083351, 19.472882629743975 ], [ 85.179521416578879, 19.472893347112084 ], [ 85.177202320626236, 19.47674144471004 ], [ 85.175291971990092, 19.480786570720976 ], [ 85.173808790796201, 19.484989783334335 ], [ 85.172767088733565, 19.489310616182198 ], [ 85.17217693016056, 19.493707467555815 ], [ 85.17204403394642, 19.49813800065467 ], [ 85.172369717040709, 19.502559551029389 ], [ 85.173150880365782, 19.50692953730557 ], [ 85.174380037222974, 19.511205871239582 ], [ 85.17604538399442, 19.515347363158664 ], [ 85.178130912513396, 19.519314118876864 ], [ 85.180616563071894, 19.523067924255365 ], [ 85.182630162872712, 19.525533842546473 ], [ 85.179911732682442, 19.523461228159153 ], [ 85.178796613458147, 19.522397493063952 ] ] ] } },
{ "type": "Feature", "properties": { "seg_id": "S015", "km_from_south": 75, "zone_km2": 33.7, "site_id": "" }, "geometry": { "type": "Polygon", "coordinates": [ [ [ 85.22143994526256, 19.555551576870958 ], [ 85.224204291487041, 19.557586966800386 ], [ 85.229022127028884, 19.560705456751247 ], [ 85.232028334758624, 19.562405228145614 ], [ 85.232238680128006, 19.562516024796221 ], [ 85.234096595832753, 19.563789205102154 ], [ 85.234892043488642, 19.564290277087171 ], [ 85.237922102967417, 19.566542598700391 ], [ 85.240301574796547, 19.568137079959936 ], [ 85.240706958199794, 19.568391508220525 ], [ 85.242603158017374, 19.569854303333489 ], [ 85.245965109038977, 19.572222721842554 ], [ 85.248046272919765, 19.573558333057367 ], [ 85.251614827223975, 19.575637644041166 ], [ 85.253218350734343, 19.576482230399243 ], [ 85.255096043588892, 19.577797207387476 ], [ 85.256761470814396, 19.578912094639911 ], [ 85.258789289817528, 19.580208813675377 ], [ 85.262263506917805, 19.582230957415216 ], [ 85.264400930191513, 19.583358587220825 ], [ 85.268044930733041, 19.585091764173971 ], [ 85.268603129323523, 19.58532948828303 ], [ 85.288089657296027, 19.544214442001678 ], [ 85.286666329001733, 19.543749396558646 ], [ 85.278336692551392, 19.537916939427685 ], [ 85.274171912746226, 19.536222465733722 ], [ 85.269195533821076, 19.532026426529317 ], [ 85.266671685476652, 19.531277282000602 ], [ 85.263358617842883, 19.527915185655417 ], [ 85.262444510430541, 19.527915140124485 ], [ 85.258306477836271, 19.524530646989341 ], [ 85.253303309884018, 19.522082632596831 ], [ 85.24905141877484, 19.518536283588638 ], [ 85.230294507917563, 19.538749972693843 ], [ 85.222329110459341, 19.503376342883655 ], [ 85.221832012664095, 19.503078467821279 ], [ 85.219552766662346, 19.50689716265143 ], [ 85.217675899053262, 19.510905177835991 ], [ 85.216217705388374, 19.51506687436575 ], [ 85.215191959541087, 19.519343031412923 ], [ 85.21460836275628, 19.523693346601675 ], [ 85.214472451020413, 19.528076815572867 ], [ 85.214785541584732, 19.532452118274207 ], [ 85.215544719194284, 19.536778008344633 ], [ 85.216742862203276, 19.541013701927923 ], [ 85.218368708382087, 19.545119262251436 ], [ 85.220406959846017, 19.549055976340931 ], [ 85.220539625466927, 19.549259538025659 ], [ 85.217581769053254, 19.552445829938041 ], [ 85.219191199236192, 19.553788485135151 ], [ 85.22143994526256, 19.555551576870958 ] ] ] } },
{ "type": "Feature", "properties": { "seg_id": "S016", "km_from_south": 80, "zone_km2": 21.4, "site_id": "" }, "geometry": { "type": "Polygon", "coordinates": [ [ [ 85.258915947803189, 19.578763243207746 ], [ 85.258532389343259, 19.579186058058234 ], [ 85.259783561364202, 19.580205690612718 ], [ 85.262457981104092, 19.582176364063944 ], [ 85.263999508675255, 19.583336538748604 ], [ 85.265781928839928, 19.584614547806474 ], [ 85.267957628001525, 19.58609976925074 ], [ 85.271472910745146, 19.588269601671854 ], [ 85.271573916275102, 19.588337536079365 ], [ 85.271610122804844, 19.588363807313758 ], [ 85.271610889002702, 19.588362858796021 ], [ 85.271785046733086, 19.588495537180684 ], [ 85.274203809796433, 19.590239935346673 ], [ 85.278392534985301, 19.592940029405828 ], [ 85.278893786816923, 19.593227441766121 ], [ 85.279024473449439, 19.593332063813708 ], [ 85.280842337370572, 19.594727959642494 ], [ 85.283970071049836, 19.596934997355962 ], [ 85.285902344394003, 19.598185327322462 ], [ 85.289210126969337, 19.600142562644621 ], [ 85.291243867928998, 19.601238946635078 ], [ 85.291347294545645, 19.601292078401393 ], [ 85.29259211364527, 19.6021251188726 ], [ 85.297390508107981, 19.604947886046155 ], [ 85.30037045486111, 19.606476860725749 ], [ 85.30289365319021, 19.607681194822714 ], [ 85.306708344281574, 19.609369471367124 ], [ 85.306957337456396, 19.608864225653605 ], [ 85.305445098713861, 19.608152240822928 ], [ 85.29703166351149, 19.602332947369277 ], [ 85.327725771813249, 19.568953247229175 ], [ 85.327498338519504, 19.568720408449387 ], [ 85.319971340038762, 19.565389437165781 ], [ 85.316667174913547, 19.562887856597531 ], [ 85.311668465590543, 19.560444307096287 ], [ 85.306638608725507, 19.556248247122944 ], [ 85.304168321747426, 19.555387670339694 ], [ 85.300025784377439, 19.552056737167028 ], [ 85.299111657052293, 19.552056763548642 ], [ 85.297501935222598, 19.550388979118395 ], [ 85.294973629493043, 19.549555153005699 ], [ 85.29250328942733, 19.547058024083245 ], [ 85.29166495517704, 19.547058083303117 ], [ 85.289136695595744, 19.544556533186814 ], [ 85.288089657296027, 19.544214442001678 ], [ 85.268849657395094, 19.584809491955063 ], [ 85.267511843846478, 19.584199495820101 ], [ 85.26020062859304, 19.579762755464056 ], [ 85.258915947803189, 19.578763243207746 ] ] ] } },
{ "type": "Feature", "properties": { "seg_id": "S017", "km_from_south": 85, "zone_km2": 27.8, "site_id": "" }, "geometry": { "type": "Polygon", "coordinates": [ [ [ 85.303175741807195, 19.608179592597981 ], [ 85.303480386199283, 19.608376877506281 ], [ 85.3051014046289, 19.609765281818259 ], [ 85.306958937085554, 19.611226091932888 ], [ 85.308113051893656, 19.612105367094944 ], [ 85.308472698561715, 19.612370754941082 ], [ 85.308985380117846, 19.61279715987968 ], [ 85.310594162553329, 19.614076834879828 ], [ 85.312559494648056, 19.615571384134302 ], [ 85.315947756428628, 19.617923089657076 ], [ 85.318044389372929, 19.6192478441959 ], [ 85.321638114735748, 19.621307694193433 ], [ 85.323849762725658, 19.62245235698213 ], [ 85.325715013172143, 19.623367734939126 ], [ 85.330581341802144, 19.62562834367748 ], [ 85.330671035747258, 19.62569099314376 ], [ 85.334578994834132, 19.628148896057741 ], [ 85.336997561002732, 19.629512506510043 ], [ 85.339042584044122, 19.630601819639409 ], [ 85.344970297920838, 19.633579652923746 ], [ 85.367294447471096, 19.593670972452507 ], [ 85.357499161756195, 19.58875061976363 ], [ 85.355835903964461, 19.5870562508048 ], [ 85.343279077727317, 19.581223746311313 ], [ 85.338302753010666, 19.577085694652776 ], [ 85.337446590793604, 19.577085663212284 ], [ 85.333335279555882, 19.572916377783617 ], [ 85.329941862151443, 19.571221960542083 ], [ 85.327725771813249, 19.568953247229175 ], [ 85.296412749087978, 19.603005806075647 ], [ 85.298750027254968, 19.6049365717572 ], [ 85.303175741807195, 19.608179592597981 ] ] ] } },
{ "type": "Feature", "properties": { "seg_id": "S018", "km_from_south": 90, "zone_km2": 24.6, "site_id": "" }, "geometry": { "type": "Polygon", "coordinates": [ [ [ 85.346817258536518, 19.634507344237083 ], [ 85.346908571380141, 19.634553012362872 ], [ 85.346984701706901, 19.634591004036075 ], [ 85.356956555345604, 19.639555998473533 ], [ 85.358226706947917, 19.640415495995054 ], [ 85.361872885637425, 19.642652331837063 ], [ 85.364122904073795, 19.643898578821187 ], [ 85.366022928519897, 19.644896611866283 ], [ 85.373105406545776, 19.648419146904303 ], [ 85.374023717658574, 19.648863910494722 ], [ 85.375131661910316, 19.649386267100382 ], [ 85.376059924432923, 19.649812097762727 ], [ 85.3787366069066, 19.65100627525668 ], [ 85.378848982073592, 19.651083124270254 ], [ 85.380883246498172, 19.652411897744738 ], [ 85.3843715554477, 19.654485683639781 ], [ 85.385234629455539, 19.654950797737865 ], [ 85.408685947038052, 19.615882468352854 ], [ 85.403334257030536, 19.612053921112654 ], [ 85.395807257191791, 19.608696266777493 ], [ 85.385863515836903, 19.603751122546942 ], [ 85.382501338100909, 19.601249513376921 ], [ 85.369110676978465, 19.594583209357292 ], [ 85.367294447471096, 19.593670972452507 ], [ 85.344970297920781, 19.633579652923718 ], [ 85.346741200790618, 19.63446922236734 ], [ 85.346817258536518, 19.634507344237083 ] ] ] } },
{ "type": "Feature", "properties": { "seg_id": "S019", "km_from_south": 95, "zone_km2": 27.1, "site_id": "" }, "geometry": { "type": "MultiPolygon", "coordinates": [ [ [ [ 85.379383285254093, 19.649596587633415 ], [ 85.378980248993045, 19.65000299648262 ], [ 85.379220619917447, 19.650216952562033 ], [ 85.380782236166297, 19.651546831896422 ], [ 85.382692385638762, 19.653102811934144 ], [ 85.385993490022187, 19.655560754620076 ], [ 85.388040823029996, 19.656951442440693 ], [ 85.391557540518932, 19.659124624559372 ], [ 85.393726173756491, 19.660339223405529 ], [ 85.395556927145435, 19.661313661251132 ], [ 85.398855607687636, 19.662979895515289 ], [ 85.400641980766238, 19.66383705132969 ], [ 85.402807503874826, 19.664822530715586 ], [ 85.406486383976443, 19.66631993626817 ], [ 85.408617516170182, 19.667088602160977 ], [ 85.409178511525923, 19.667361464729126 ], [ 85.413400582451672, 19.669174990575893 ], [ 85.41598671378263, 19.670145122294585 ], [ 85.420374878705644, 19.671561539966113 ], [ 85.421061719595286, 19.671748463417863 ], [ 85.42124212141178, 19.671807350755845 ], [ 85.421250111827035, 19.671785385784602 ], [ 85.423938133520565, 19.672671275142005 ], [ 85.425602134049768, 19.673134673309345 ], [ 85.427313845191748, 19.673834625611178 ], [ 85.42952878448682, 19.674638872442124 ], [ 85.430645327138421, 19.674994736836144 ], [ 85.431006233078563, 19.675152828627919 ], [ 85.434751206396356, 19.676613728233672 ], [ 85.435531941122377, 19.676882144686111 ], [ 85.451718263167578, 19.634625535563373 ], [ 85.448282009370573, 19.632918038613138 ], [ 85.446663316753373, 19.63291802088041 ], [ 85.441664658234316, 19.630389743744743 ], [ 85.439163109509039, 19.630416492516421 ], [ 85.435805414176173, 19.62874877995365 ], [ 85.430833539632872, 19.627888205301961 ], [ 85.427475800110187, 19.625391135413413 ], [ 85.425834836344265, 19.625391103302569 ], [ 85.422530637114974, 19.623750190136324 ], [ 85.414169848219927, 19.619527349186249 ], [ 85.41163710701889, 19.61705699684444 ], [ 85.409162284556302, 19.616223219701098 ], [ 85.408685947038052, 19.615882468352854 ], [ 85.385843901581723, 19.653936091822501 ], [ 85.379383285254093, 19.649596587633415 ] ] ], [ [ [ 85.406289788289925, 19.614462289628612 ], [ 85.406286311201995, 19.614469381012459 ], [ 85.40682000182295, 19.614704359229638 ], [ 85.406967617912073, 19.614653228088027 ], [ 85.406406568975868, 19.614251863459682 ], [ 85.406289788289925, 19.614462289628612 ] ] ] ] } },
{ "type": "Feature", "properties": { "seg_id": "S020", "km_from_south": 100, "zone_km2": 23.1, "site_id": "" }, "geometry": { "type": "Polygon", "coordinates": [ [ [ 85.435531941122392, 19.676882144686115 ], [ 85.437170099300232, 19.677445329518875 ], [ 85.437966212564419, 19.677681220528513 ], [ 85.43885619048001, 19.678030698005681 ], [ 85.438872526112675, 19.678038628119499 ], [ 85.440376345050225, 19.67891080709331 ], [ 85.443959264889045, 19.680793243685965 ], [ 85.446158296947459, 19.681834154163266 ], [ 85.448866645556009, 19.682981144591512 ], [ 85.451623080249036, 19.684360699781291 ], [ 85.45403254593414, 19.6854855037863 ], [ 85.45696177509717, 19.686757056822415 ], [ 85.461962159881196, 19.6886124802895 ], [ 85.465023864666435, 19.689563898654526 ], [ 85.465929067343268, 19.68981325818644 ], [ 85.466440309228133, 19.690098143368772 ], [ 85.468373375551167, 19.691118874405397 ], [ 85.472633459192892, 19.69324705785488 ], [ 85.494876754312912, 19.653291204201601 ], [ 85.487504229596183, 19.649608454841758 ], [ 85.48663917436761, 19.648721092144758 ], [ 85.482474353758079, 19.647887290344872 ], [ 85.481636034835518, 19.647026675496686 ], [ 85.478300639048399, 19.647053449085629 ], [ 85.474167029175689, 19.644556305947489 ], [ 85.469168396664926, 19.642054796837868 ], [ 85.467473947937464, 19.642085940442659 ], [ 85.464143026419052, 19.640387052300802 ], [ 85.462524336644222, 19.638719360890949 ], [ 85.460776418199785, 19.638750552945929 ], [ 85.459135441236498, 19.637029373064621 ], [ 85.457472227433968, 19.637082869017522 ], [ 85.455001859230435, 19.635388373715969 ], [ 85.453307359610946, 19.63541513450873 ], [ 85.451718263167578, 19.634625535563373 ], [ 85.435823524374655, 19.676121159219811 ], [ 85.435134380343214, 19.675867794813719 ], [ 85.434886099834713, 19.676373432121153 ], [ 85.435605430355096, 19.676690350394178 ], [ 85.435531941122392, 19.676882144686115 ] ] ] } },
{ "type": "Feature", "properties": { "seg_id": "S021", "km_from_south": 105, "zone_km2": 25.2, "site_id": "" }, "geometry": { "type": "Polygon", "coordinates": [ [ [ 85.503198037122615, 19.708748972863589 ], [ 85.506654540413578, 19.710876357846523 ], [ 85.508784792831065, 19.71206669247379 ], [ 85.510582669872036, 19.713022278344436 ], [ 85.512255376976341, 19.713866821340055 ], [ 85.514747522234259, 19.715037977681288 ], [ 85.516763446182338, 19.71591687912488 ], [ 85.530479499148541, 19.687696559937351 ], [ 85.530030655077326, 19.687082763522071 ], [ 85.528336233737846, 19.686248938531381 ], [ 85.526641758981029, 19.685388278039508 ], [ 85.526360847385263, 19.683502125847408 ], [ 85.527863530548146, 19.679306052696024 ], [ 85.529558045362066, 19.678360730321543 ], [ 85.531671596026356, 19.68044316110884 ], [ 85.532501043735536, 19.680443143294664 ], [ 85.534164300408236, 19.678721966402893 ], [ 85.534697447137603, 19.679015876962591 ], [ 85.536651068988576, 19.674994873849702 ], [ 85.530828857127361, 19.672055571095292 ], [ 85.527444411576909, 19.669554034184781 ], [ 85.494876754312912, 19.653291204201601 ], [ 85.472633459192892, 19.693247057854876 ], [ 85.501850068636983, 19.707838490231449 ], [ 85.503198037122615, 19.708748972863589 ] ] ] } },
{ "type": "Feature", "properties": { "seg_id": "S022", "km_from_south": 110, "zone_km2": 19.4, "site_id": "" }, "geometry": { "type": "MultiPolygon", "coordinates": [ [ [ [ 85.52123405158531, 19.717640335424008 ], [ 85.528964863967644, 19.721761035592273 ], [ 85.530619645845078, 19.722602813756225 ], [ 85.532625636534348, 19.723575519759173 ], [ 85.534314171778206, 19.724354917720728 ], [ 85.545469343897082, 19.72924838342605 ], [ 85.551612010429906, 19.73231776141904 ], [ 85.554078015720904, 19.733465173326575 ], [ 85.557076673599383, 19.734760221833877 ], [ 85.562197487138519, 19.736642494005068 ], [ 85.5649029054116, 19.737470593164367 ], [ 85.574436084876695, 19.709540533230044 ], [ 85.564165095667875, 19.703750841780785 ], [ 85.554970453954454, 19.699554833606019 ], [ 85.549164673953555, 19.699554870007823 ], [ 85.54499989926255, 19.697057778834321 ], [ 85.54247156324017, 19.697057779292518 ], [ 85.541642190931682, 19.69622395777904 ], [ 85.540001240307802, 19.696223948412829 ], [ 85.539582058896798, 19.694141494829402 ], [ 85.537499693745943, 19.692054668021168 ], [ 85.534164300408221, 19.690444882113436 ], [ 85.532469773702701, 19.690418203595129 ], [ 85.530479499148555, 19.687696559937358 ], [ 85.516763446182352, 19.71591687912488 ], [ 85.517778862693547, 19.716359567941495 ], [ 85.52123405158531, 19.717640335424008 ] ] ], [ [ [ 85.579539847794962, 19.69458298083488 ], [ 85.578309357739784, 19.694582934363506 ], [ 85.566635405371414, 19.688750450881205 ], [ 85.553338392847962, 19.682917977927403 ], [ 85.540830637962614, 19.676251648298464 ], [ 85.539140642251084, 19.676251629450018 ], [ 85.536651068988576, 19.674994873849702 ], [ 85.534697447137603, 19.679015876962591 ], [ 85.535774004137124, 19.679609348247194 ], [ 85.539970053197791, 19.679582510218165 ], [ 85.543336663931498, 19.681223529540727 ], [ 85.54582929824798, 19.681250232684597 ], [ 85.547532671866207, 19.68205737969712 ], [ 85.551635046439984, 19.687082801335727 ], [ 85.553338392847962, 19.687889824816239 ], [ 85.559135240024005, 19.687889817778967 ], [ 85.560776155278006, 19.688750428042571 ], [ 85.565003385231265, 19.692054631266693 ], [ 85.569168177075923, 19.692081396496466 ], [ 85.57163857018061, 19.693722357044237 ], [ 85.573333037737498, 19.693722389415807 ], [ 85.574996284941363, 19.695416803732329 ], [ 85.578694899749777, 19.697059487888886 ], [ 85.579539847794962, 19.69458298083488 ] ] ] ] } },
{ "type": "Feature", "properties": { "seg_id": "S023", "km_from_south": 115, "zone_km2": 19.5, "site_id": "" }, "geometry": { "type": "MultiPolygon", "coordinates": [ [ [ [ 85.553539690838434, 19.731499624702419 ], [ 85.553201343237461, 19.731956089639983 ], [ 85.558222057494518, 19.735292782447065 ], [ 85.559828343342915, 19.736314831039309 ], [ 85.561781387307505, 19.737503754784253 ], [ 85.56219041923211, 19.737731096213015 ], [ 85.563696946081279, 19.73908554756186 ], [ 85.567034092282398, 19.741819250135304 ], [ 85.569114406382226, 19.743370008843968 ], [ 85.572704218447981, 19.745799964513786 ], [ 85.574927067721589, 19.747162029337332 ], [ 85.578738820319401, 19.749267425529315 ], [ 85.581085176866623, 19.750429129769099 ], [ 85.585086237024839, 19.752191931887644 ], [ 85.587536011184156, 19.753143323989423 ], [ 85.590217100894677, 19.754049766733544 ], [ 85.590963567106641, 19.754394641081234 ], [ 85.593743144975363, 19.755592946212087 ], [ 85.598481796122982, 19.757353218448607 ], [ 85.59923360825978, 19.757589505124614 ], [ 85.599651252779054, 19.757763841124543 ], [ 85.602789211043998, 19.758949886038675 ], [ 85.604176214014132, 19.759420919690367 ], [ 85.617325973166828, 19.724705738001255 ], [ 85.615837167480535, 19.726251485661603 ], [ 85.612501785869384, 19.724557090576024 ], [ 85.604163244178196, 19.722889352299831 ], [ 85.601639425817794, 19.71875125381753 ], [ 85.594968564488184, 19.718751288318359 ], [ 85.592088011161152, 19.716668873704702 ], [ 85.590834975011106, 19.714528505697519 ], [ 85.585809586045002, 19.714613278554744 ], [ 85.579169955362616, 19.711219891416025 ], [ 85.57747104087106, 19.711251131556793 ], [ 85.574436084876638, 19.709540533230015 ], [ 85.565100334562501, 19.736892285969429 ], [ 85.563736535541054, 19.73629118622349 ], [ 85.555135448828807, 19.729449928940465 ], [ 85.55467472313579, 19.729797312403704 ], [ 85.555563603926927, 19.730854368111778 ], [ 85.556977831988945, 19.732458537655614 ], [ 85.558308181752281, 19.733898474012033 ], [ 85.555128496559732, 19.732496824005462 ], [ 85.553539690838434, 19.731499624702419 ] ] ], [ [ [ 85.620215119413345, 19.717076071602254 ], [ 85.619163633767059, 19.717110364364768 ], [ 85.616639818231789, 19.715415902682533 ], [ 85.614998889747966, 19.715389090960002 ], [ 85.608305767070391, 19.712084915961846 ], [ 85.606664817835139, 19.712053682862326 ], [ 85.60539392038541, 19.713333504381126 ], [ 85.60580419179513, 19.714582028836201 ], [ 85.608328048797716, 19.716222970181956 ], [ 85.613357910823666, 19.717056831776919 ], [ 85.618307523479004, 19.719553919538871 ], [ 85.619122544946137, 19.719961445582559 ], [ 85.620215119413345, 19.717076071602254 ] ] ], [ [ [ 85.578694899749763, 19.697059487888879 ], [ 85.582496427971805, 19.698747767749456 ], [ 85.589162801751215, 19.705387336101708 ], [ 85.589996697372513, 19.705387362351949 ], [ 85.592088011161152, 19.703278240336218 ], [ 85.592025540556506, 19.701637228780129 ], [ 85.587526366441622, 19.699581589720147 ], [ 85.58000384972226, 19.694582996167387 ], [ 85.579539847794962, 19.69458298083488 ], [ 85.578694899749763, 19.697059487888879 ] ] ] ] } },
{ "type": "Feature", "properties": { "seg_id": "S024", "km_from_south": 120, "zone_km2": 23.0, "site_id": "" }, "geometry": { "type": "MultiPolygon", "coordinates": [ [ [ [ 85.596973757348039, 19.755550643131166 ], [ 85.596668410109785, 19.756027550765456 ], [ 85.59772743051991, 19.756635322367295 ], [ 85.599775002434782, 19.757745792150523 ], [ 85.602265418870743, 19.759020005176698 ], [ 85.606522027979054, 19.760946734201823 ], [ 85.609133290690224, 19.76198176497531 ], [ 85.610787428687871, 19.762548134737827 ], [ 85.610911524999139, 19.762616112403755 ], [ 85.61534598147766, 19.764760930072963 ], [ 85.617261092873093, 19.765570809403659 ], [ 85.619079866218613, 19.766687638265054 ], [ 85.621313834233561, 19.767927240531122 ], [ 85.623200186420121, 19.768920351870936 ], [ 85.624443607486498, 19.769540528982553 ], [ 85.631285980225456, 19.772971393272275 ], [ 85.633284165967311, 19.773917216363433 ], [ 85.635708764655931, 19.774998433126456 ], [ 85.639834501955718, 19.77661936923662 ], [ 85.642355357428713, 19.777481141394343 ], [ 85.644232025388035, 19.778068022130757 ], [ 85.645814310439903, 19.778635313327769 ], [ 85.647755481921493, 19.779255830624251 ], [ 85.661317858903658, 19.741225904106599 ], [ 85.660833947638352, 19.741220664682668 ], [ 85.659166240378084, 19.742888380776719 ], [ 85.655830825790872, 19.742915165838809 ], [ 85.652495437301909, 19.738750349530445 ], [ 85.649949288903784, 19.73872360225231 ], [ 85.648308366217279, 19.740386858736866 ], [ 85.644995243208058, 19.737082618444383 ], [ 85.643363184460668, 19.737082619870193 ], [ 85.642440189822551, 19.736195344072673 ], [ 85.639969853833918, 19.73624878633041 ], [ 85.638725703908804, 19.731638108884912 ], [ 85.633330209311637, 19.727085314155246 ], [ 85.630775145506519, 19.727058560500065 ], [ 85.630387181677449, 19.728307109470752 ], [ 85.633780573567378, 19.731664830931667 ], [ 85.633276726833145, 19.732917836714897 ], [ 85.632059397787529, 19.732529928581449 ], [ 85.630806358160058, 19.730443059722873 ], [ 85.627470971048751, 19.730416335307567 ], [ 85.625776493471136, 19.729555663370924 ], [ 85.622887012503284, 19.727500040509735 ], [ 85.622887012503284, 19.726639409360523 ], [ 85.620804591089367, 19.724557089343801 ], [ 85.617469206098832, 19.724557024540879 ], [ 85.617325973166771, 19.724705738001298 ], [ 85.604381946152614, 19.758877925430774 ], [ 85.599438920654251, 19.756852338649935 ], [ 85.596973757348039, 19.755550643131166 ] ] ], [ [ [ 85.662948776288701, 19.736651270663611 ], [ 85.660802752578917, 19.736222054897802 ], [ 85.659973333510067, 19.735361403760475 ], [ 85.658332406333841, 19.735414987066459 ], [ 85.646698596304176, 19.729582458287041 ], [ 85.641691009378206, 19.727085316166729 ], [ 85.640001061103334, 19.72541762596952 ], [ 85.638306589700633, 19.725390892366267 ], [ 85.633307938022128, 19.722889350202671 ], [ 85.630837570795308, 19.72119488033097 ], [ 85.626663855858183, 19.720418975158022 ], [ 85.620804591089367, 19.717056844081128 ], [ 85.620215119413345, 19.717076071602254 ], [ 85.619122544946137, 19.719961445582555 ], [ 85.621696428659348, 19.721248398812001 ], [ 85.625829983472784, 19.725417653430743 ], [ 85.627502185636388, 19.726224751387821 ], [ 85.629999293450382, 19.726251501977934 ], [ 85.630775145506519, 19.725390941148653 ], [ 85.633330209311637, 19.725417690519926 ], [ 85.638337797944232, 19.72872184162129 ], [ 85.644143546229955, 19.731223361673074 ], [ 85.645387648030706, 19.731638121207027 ], [ 85.645806784933512, 19.732917861652162 ], [ 85.649191276868919, 19.734527552134956 ], [ 85.651612503054892, 19.734554362042143 ], [ 85.654974677243132, 19.737916491464148 ], [ 85.659942137945919, 19.737889750432387 ], [ 85.662119515899178, 19.738977338412351 ], [ 85.662948776288701, 19.736651270663611 ] ] ] ] } },
{ "type": "Feature", "properties": { "seg_id": "S025", "km_from_south": 125, "zone_km2": 25.3, "site_id": "" }, "geometry": { "type": "Polygon", "coordinates": [ [ [ 85.64360892579181, 19.776837319509703 ], [ 85.643337735014512, 19.777332415056858 ], [ 85.644797098425258, 19.77804873429892 ], [ 85.64846806649841, 19.779667305950927 ], [ 85.650712229347917, 19.780549070625206 ], [ 85.653448563670182, 19.781497445173741 ], [ 85.654930569389208, 19.782156288941621 ], [ 85.658831838151826, 19.783694852420581 ], [ 85.659833792751243, 19.784041539763141 ], [ 85.659995203346313, 19.784106753580502 ], [ 85.663173491602819, 19.785265729239473 ], [ 85.667035038747784, 19.78652590691048 ], [ 85.67029265652387, 19.787467224757783 ], [ 85.670391119960314, 19.787492076627508 ], [ 85.671110919826688, 19.787774338982558 ], [ 85.675244408668647, 19.789187831860072 ], [ 85.67776316206988, 19.789926887778126 ], [ 85.678880090266091, 19.790201942339404 ], [ 85.67968470035045, 19.790468320717785 ], [ 85.682424345185922, 19.791302751484444 ], [ 85.683917157576104, 19.791680196714761 ], [ 85.686099173562624, 19.792489305734513 ], [ 85.691024285630604, 19.794028937200423 ], [ 85.693447211419738, 19.794650332455568 ], [ 85.693667605973431, 19.794712540887534 ], [ 85.694328622576904, 19.794894214566465 ], [ 85.694877622650822, 19.795041044754342 ], [ 85.707704771864869, 19.752058822110417 ], [ 85.707471704211272, 19.752056358041539 ], [ 85.706664627925278, 19.751195747398278 ], [ 85.705001335405257, 19.751249204420212 ], [ 85.69914207969218, 19.748720933959646 ], [ 85.695806667698804, 19.748720893966656 ], [ 85.693336303707326, 19.747084422536318 ], [ 85.690781300906707, 19.747053219766016 ], [ 85.685836151175252, 19.74455609615913 ], [ 85.683334611273295, 19.744609645003564 ], [ 85.682442787326053, 19.743749012564912 ], [ 85.678335957489693, 19.742915122050835 ], [ 85.677497644419304, 19.742027842199068 ], [ 85.67585663120957, 19.742081303489126 ], [ 85.672472189939043, 19.7403868325963 ], [ 85.671691851746274, 19.739584226757987 ], [ 85.669136826163864, 19.739557446402532 ], [ 85.664971990354118, 19.737055898520659 ], [ 85.662948776288715, 19.736651270663611 ], [ 85.662119515899178, 19.738977338412351 ], [ 85.668334182361662, 19.742081307856111 ], [ 85.675004958049072, 19.743749051219389 ], [ 85.67497377130384, 19.744529330906062 ], [ 85.671638329435893, 19.744582872253041 ], [ 85.670809001009374, 19.743695507175261 ], [ 85.668334182361662, 19.743749036940375 ], [ 85.663308723514191, 19.74124744592617 ], [ 85.661317858903658, 19.741225904106599 ], [ 85.647963964790122, 19.77867138840621 ], [ 85.646901247933954, 19.778292253713744 ], [ 85.64360892579181, 19.776837319509703 ] ] ] } },
{ "type": "Feature", "properties": { "seg_id": "S026", "km_from_south": 130, "zone_km2": 23.4, "site_id": "" }, "geometry": { "type": "Polygon", "coordinates": [ [ [ 85.690173768973054, 19.793205786888421 ], [ 85.690775379925995, 19.793465750194869 ], [ 85.690777282233313, 19.793461805996493 ], [ 85.691231285601688, 19.793668134113478 ], [ 85.694048870513129, 19.794861219771143 ], [ 85.698851336182983, 19.796607147276259 ], [ 85.700580906478692, 19.797136555474044 ], [ 85.702629474052401, 19.797872583267385 ], [ 85.705084074347369, 19.79900472589539 ], [ 85.707861465440601, 19.800142768216197 ], [ 85.711767830887837, 19.80151620060742 ], [ 85.714672215348912, 19.802779325297855 ], [ 85.71693885592623, 19.803656011258166 ], [ 85.717217606296629, 19.803757295790529 ], [ 85.717226922677924, 19.803761373608531 ], [ 85.718750465345039, 19.804418314068847 ], [ 85.722469527003824, 19.805846371367931 ], [ 85.724670595046106, 19.806591119310685 ], [ 85.725089986237037, 19.806776934105184 ], [ 85.729111062224135, 19.808351148472582 ], [ 85.731566729346667, 19.809190563862863 ], [ 85.73179858901463, 19.809264207164919 ], [ 85.733681711096452, 19.810006595982149 ], [ 85.733738422617833, 19.809877739250098 ], [ 85.734331872885136, 19.810052079386359 ], [ 85.734506560971894, 19.80951943761908 ], [ 85.733971517358285, 19.809348111912492 ], [ 85.751831110196008, 19.768756080863952 ], [ 85.751639071883915, 19.768724410145403 ], [ 85.749168729907822, 19.76711027620464 ], [ 85.743309509812789, 19.765389047421813 ], [ 85.742448902928231, 19.764528449400231 ], [ 85.740807943375913, 19.764581935255947 ], [ 85.735809308006267, 19.762084831071739 ], [ 85.734168298903398, 19.762058126688299 ], [ 85.730003557723549, 19.759583315607141 ], [ 85.725776331484639, 19.758749436542427 ], [ 85.722503347674191, 19.757108505753489 ], [ 85.721665027932843, 19.756252362372425 ], [ 85.717500242190155, 19.755418529159215 ], [ 85.716635143904739, 19.754526653205303 ], [ 85.715025408072748, 19.754526635891835 ], [ 85.709999983369613, 19.75208307164721 ], [ 85.707704771864869, 19.752058822110417 ], [ 85.695114361453378, 19.794248004597851 ], [ 85.690543470512196, 19.792739703336242 ], [ 85.689055144076931, 19.792056704584404 ], [ 85.688785887683522, 19.79255276727282 ], [ 85.68891165986237, 19.792613930765729 ], [ 85.690180991925104, 19.793190811104079 ], [ 85.690173768973054, 19.793205786888421 ] ] ] } },
{ "type": "Feature", "properties": { "seg_id": "S027", "km_from_south": 135, "zone_km2": 25.6, "site_id": "" }, "geometry": { "type": "Polygon", "coordinates": [ [ [ 85.739506860058114, 19.811974907555275 ], [ 85.741125490561089, 19.812413423805292 ], [ 85.742984860179519, 19.813251920192318 ], [ 85.746960106031111, 19.814840038144666 ], [ 85.749388360912363, 19.815689865381064 ], [ 85.751911544939432, 19.816452077914885 ], [ 85.751906031306717, 19.816468211821221 ], [ 85.752901079920605, 19.816772778860543 ], [ 85.75291201712011, 19.816776609153738 ], [ 85.755290830445915, 19.817542924339094 ], [ 85.756850712212184, 19.818002417928348 ], [ 85.757870739079365, 19.81829110981991 ], [ 85.75836019322638, 19.818424025231561 ], [ 85.758610030278973, 19.818518354242407 ], [ 85.760856451133634, 19.819265641856838 ], [ 85.763652312729377, 19.820073753405438 ], [ 85.764234247919234, 19.820286903616196 ], [ 85.764976269006951, 19.820551999818182 ], [ 85.765891399816056, 19.82087074145138 ], [ 85.766656400929421, 19.821130212554898 ], [ 85.768284752571233, 19.821667741618349 ], [ 85.768286460227813, 19.821663108532427 ], [ 85.770820009523661, 19.822518661772524 ], [ 85.773248184954994, 19.823225385820752 ], [ 85.775553799839884, 19.823791809366398 ], [ 85.776629466219276, 19.82416143687956 ], [ 85.778049038707692, 19.824629367930889 ], [ 85.778357181484992, 19.824726667063551 ], [ 85.779794685376046, 19.82522615231716 ], [ 85.781352940954946, 19.825739282586515 ], [ 85.79702821359065, 19.783094972382408 ], [ 85.796667110401714, 19.782917793901952 ], [ 85.794977097337878, 19.782917754112802 ], [ 85.794134298652963, 19.782052663474186 ], [ 85.792502295564304, 19.782083876114303 ], [ 85.791663992044803, 19.781223325078535 ], [ 85.789947234256587, 19.781223338844782 ], [ 85.789171363657118, 19.780416188253906 ], [ 85.786638582244052, 19.780389422329101 ], [ 85.783303134924452, 19.778748462276042 ], [ 85.781671108959813, 19.778748485892315 ], [ 85.780828331917022, 19.777887885859464 ], [ 85.779138357937313, 19.777861143700758 ], [ 85.778358026813308, 19.777054037903113 ], [ 85.77580298327122, 19.777111997649321 ], [ 85.773279101203244, 19.775417538422669 ], [ 85.770857797164936, 19.775417569205793 ], [ 85.769997169927564, 19.774530225266638 ], [ 85.768302781233388, 19.774583689808946 ], [ 85.767473322846001, 19.773723088806708 ], [ 85.765832436764057, 19.773749871076724 ], [ 85.762497002696861, 19.772082124313314 ], [ 85.759139295741264, 19.770387697681045 ], [ 85.757498385198005, 19.770445681634268 ], [ 85.756668991678254, 19.769553866745749 ], [ 85.751831110196008, 19.768756080863952 ], [ 85.73368171109648, 19.810006595982163 ], [ 85.734290922123037, 19.810246761437039 ], [ 85.739506860058114, 19.811974907555275 ] ] ] } },
{ "type": "Feature", "properties": { "seg_id": "S028", "km_from_south": 140, "zone_km2": 29.8, "site_id": "" }, "geometry": { "type": "Polygon", "coordinates": [ [ [ 85.781352940955173, 19.825739282586582 ], [ 85.781871578958757, 19.825910065295425 ], [ 85.78187733944786, 19.825894398688551 ], [ 85.784609058349687, 19.826799207760374 ], [ 85.787182979147886, 19.827525442097087 ], [ 85.789873901484285, 19.828156286831376 ], [ 85.789870369548339, 19.828169467596325 ], [ 85.790836926613267, 19.828401407002048 ], [ 85.79143685930363, 19.828557896551459 ], [ 85.794757094261769, 19.829619167081717 ], [ 85.79661018143193, 19.830285500112868 ], [ 85.79825478438643, 19.830813537714771 ], [ 85.798539834851653, 19.830932289388329 ], [ 85.800997290212052, 19.831900676296875 ], [ 85.80516794409337, 19.833332732848135 ], [ 85.80770986180346, 19.834080955026916 ], [ 85.809511161816616, 19.83455916286902 ], [ 85.810408152608346, 19.834847112945905 ], [ 85.812857834886145, 19.835547564852554 ], [ 85.813349775018594, 19.835757617606713 ], [ 85.816735495147739, 19.83697758951288 ], [ 85.820160186321459, 19.838474835776573 ], [ 85.82234825609892, 19.839329443219764 ], [ 85.824145745416445, 19.839991583751519 ], [ 85.825241745842504, 19.840371363542868 ], [ 85.825444419701469, 19.839847647576743 ], [ 85.820665309354581, 19.837884647219255 ], [ 85.841918963411331, 19.798086860511848 ], [ 85.841668373732048, 19.797918132247645 ], [ 85.83997387092181, 19.797891465003644 ], [ 85.835809049863201, 19.795416588697506 ], [ 85.834168106284451, 19.795389843799665 ], [ 85.829138241815173, 19.792888331598807 ], [ 85.824144073134221, 19.792054479065989 ], [ 85.823332528601341, 19.791251856773094 ], [ 85.820808659047685, 19.791220588955916 ], [ 85.815832297962615, 19.788723550945829 ], [ 85.811667515475122, 19.787889672968987 ], [ 85.810838114621916, 19.787029028505586 ], [ 85.809134722459348, 19.787082563563899 ], [ 85.805808282563248, 19.785388129186661 ], [ 85.803337898601882, 19.785388066426261 ], [ 85.802472877222229, 19.784554212875793 ], [ 85.800002492960317, 19.784554287138192 ], [ 85.79702821359065, 19.783094972382408 ], [ 85.786584272023276, 19.811510465038964 ], [ 85.764531280728065, 19.773351089154993 ], [ 85.763969017764865, 19.773184535799931 ], [ 85.762791180342745, 19.777476144786398 ], [ 85.762063495575049, 19.781855583486795 ], [ 85.761792754047519, 19.786281447942816 ], [ 85.761981600635806, 19.790711118729526 ], [ 85.762628254704822, 19.795101936308605 ], [ 85.763726525793771, 19.799411611835271 ], [ 85.765265871802654, 19.803598634529514 ], [ 85.767231499174883, 19.807622671684531 ], [ 85.769604504163283, 19.811444957451311 ], [ 85.772362053865692, 19.815028666641567 ], [ 85.775477605326515, 19.818339269931219 ], [ 85.77892116062489, 19.821344867022241 ], [ 85.782126467334322, 19.8236355353792 ], [ 85.781551018892969, 19.825200579331689 ], [ 85.779914426879046, 19.824618973418438 ], [ 85.779693857547414, 19.825136158066979 ], [ 85.78038393998817, 19.825399728261239 ], [ 85.781359031915571, 19.825722717350654 ], [ 85.781352940955173, 19.825739282586582 ] ] ] } },
{ "type": "Feature", "properties": { "seg_id": "S029", "km_from_south": 145, "zone_km2": 32.5, "site_id": "" }, "geometry": { "type": "Polygon", "coordinates": [ [ [ 85.823311954493619, 19.839690183886443 ], [ 85.826600098335575, 19.841019854609225 ], [ 85.827953303321507, 19.841573192039824 ], [ 85.828948468732108, 19.841967548586034 ], [ 85.831382078506977, 19.842901449173336 ], [ 85.835509294439433, 19.844280315230375 ], [ 85.838023132779909, 19.844999312390438 ], [ 85.839613517080011, 19.845379835559239 ], [ 85.842047857018372, 19.846112442409623 ], [ 85.847209950032578, 19.847370366263267 ], [ 85.849018289080632, 19.847710427718035 ], [ 85.849591894899064, 19.847842411379943 ], [ 85.84985029611164, 19.847889295817239 ], [ 85.84995040596408, 19.847913682060653 ], [ 85.851067944161628, 19.848145949984609 ], [ 85.851727411016739, 19.848368728412805 ], [ 85.854221076057954, 19.849091816145293 ], [ 85.855687180605273, 19.849448724272058 ], [ 85.857814294544056, 19.850191275083017 ], [ 85.859072109102669, 19.850560016675676 ], [ 85.862756513416755, 19.851856980731064 ], [ 85.865437770916074, 19.852661356994151 ], [ 85.865911645862681, 19.852800953914361 ], [ 85.868966379593545, 19.853684348375293 ], [ 85.874069287547556, 19.854873757732609 ], [ 85.877255486649631, 19.855442445800055 ], [ 85.878714090086106, 19.855662508422785 ], [ 85.878765196351324, 19.855671411803851 ], [ 85.878765421910472, 19.855670252738243 ], [ 85.879924853904441, 19.855845169495712 ], [ 85.880605091101714, 19.855929184410233 ], [ 85.880681390202128, 19.855376141621367 ], [ 85.878874950285294, 19.855107424298318 ], [ 85.887414684486245, 19.811210394118049 ], [ 85.880774653352901, 19.810390297155735 ], [ 85.87994525230728, 19.809583180399432 ], [ 85.877523944179174, 19.809556385661661 ], [ 85.875000106791447, 19.807888694882095 ], [ 85.872498552472422, 19.807915477767686 ], [ 85.869970256866495, 19.806247810689715 ], [ 85.867468696272908, 19.806221034403332 ], [ 85.864164535607415, 19.804584569995569 ], [ 85.860833540070999, 19.804584550425258 ], [ 85.859968450685969, 19.803692681003007 ], [ 85.854162713561635, 19.802916829170218 ], [ 85.853333359267253, 19.802056225159479 ], [ 85.850831784770577, 19.802056242692853 ], [ 85.845833120076961, 19.799612669473781 ], [ 85.844138673734506, 19.799581416543663 ], [ 85.841918963411331, 19.798086860511848 ], [ 85.830140221951808, 19.82014567547564 ], [ 85.8122890849897, 19.795044208195115 ], [ 85.811710415030419, 19.794939061938045 ], [ 85.811705499645328, 19.794963297571019 ], [ 85.811049212826148, 19.799352907094306 ], [ 85.810850633290244, 19.803782262516584 ], [ 85.811111711186783, 19.808208710177407 ], [ 85.811829970239828, 19.812589620947186 ], [ 85.812998530133157, 19.816882800765612 ], [ 85.814606171349936, 19.821046897124063 ], [ 85.816637441898337, 19.825041797572691 ], [ 85.819072804945776, 19.82882901640453 ], [ 85.821888825986306, 19.832372065778426 ], [ 85.822999119437156, 19.833515718002076 ], [ 85.82039142569171, 19.838397342888005 ], [ 85.820536340574677, 19.838466660608706 ], [ 85.823311954493619, 19.839690183886443 ] ] ] } },
{ "type": "Feature", "properties": { "seg_id": "S030", "km_from_south": 150, "zone_km2": 36.1, "site_id": "" }, "geometry": { "type": "Polygon", "coordinates": [ [ [ 85.846665867882265, 19.803052786742278 ], [ 85.846090259123727, 19.802933380473682 ], [ 85.846088797393591, 19.802939692714187 ], [ 85.845313403957292, 19.807297612958038 ], [ 85.844991569888151, 19.811706382282292 ], [ 85.845126411985262, 19.816123815883184 ], [ 85.845716677655844, 19.820507642638574 ], [ 85.846756755459353, 19.824815909577993 ], [ 85.84823672738932, 19.829007383439858 ], [ 85.850142462446797, 19.833041945470129 ], [ 85.852455750661349, 19.836880975676099 ], [ 85.855154476323477, 19.840487722845427 ], [ 85.85821282881048, 19.843827656772394 ], [ 85.861601549019653, 19.846868799300204 ], [ 85.865288209072403, 19.849582030988092 ], [ 85.869237522624232, 19.851941370443299 ], [ 85.873411682811536, 19.853924223618762 ], [ 85.874096465421687, 19.854173601237814 ], [ 85.873969170686451, 19.854580904705806 ], [ 85.875414372474935, 19.854985246718076 ], [ 85.875730531854487, 19.855072579935882 ], [ 85.876110301105015, 19.855176139768606 ], [ 85.876427090470514, 19.855261406269953 ], [ 85.878120332927779, 19.855711178791381 ], [ 85.87991137860898, 19.856151668240372 ], [ 85.881607412833091, 19.856535734022806 ], [ 85.881612481424426, 19.856515696241154 ], [ 85.882272907982241, 19.856688298235841 ], [ 85.882737621121748, 19.856786883831681 ], [ 85.88301909735732, 19.856845752592495 ], [ 85.885267702190092, 19.857309283386225 ], [ 85.887236810855612, 19.857674346315093 ], [ 85.887881228665535, 19.857780561621109 ], [ 85.888349381497108, 19.857966401931868 ], [ 85.890211960668751, 19.858662671910345 ], [ 85.892464609972933, 19.859453464603483 ], [ 85.896274185840682, 19.860621274518252 ], [ 85.898294304019714, 19.861153045883572 ], [ 85.898300843013757, 19.861130809140757 ], [ 85.900452623063558, 19.861790019590153 ], [ 85.903863827243157, 19.86272548394577 ], [ 85.904271864741659, 19.86282450998392 ], [ 85.907278265962518, 19.863772206994501 ], [ 85.909577355110443, 19.864398756817266 ], [ 85.911154234688553, 19.864761752039932 ], [ 85.912783857195123, 19.865247702633049 ], [ 85.91801511836826, 19.866504944728636 ], [ 85.921193957668677, 19.867090181544974 ], [ 85.921813035262659, 19.867187051923352 ], [ 85.922498079614613, 19.867347901271206 ], [ 85.923358791058988, 19.867520810334536 ], [ 85.923378716015989, 19.867432032304869 ], [ 85.923857586990465, 19.867506957853937 ], [ 85.924515462358869, 19.86759188937026 ], [ 85.924595166652637, 19.867039269299166 ], [ 85.923504070858172, 19.86687349619509 ], [ 85.933185481077658, 19.823722999229322 ], [ 85.93247349551757, 19.823723003151454 ], [ 85.931639613369583, 19.822915868289662 ], [ 85.924973300665883, 19.822055248073561 ], [ 85.924192954494501, 19.821252658901489 ], [ 85.920808459618115, 19.821252674994465 ], [ 85.9191363307188, 19.822889141528417 ], [ 85.917504239381714, 19.822889162014267 ], [ 85.91497149125135, 19.821252623886906 ], [ 85.913330533015696, 19.821252678575913 ], [ 85.911613778180879, 19.82377652820243 ], [ 85.911279360119309, 19.821636148649205 ], [ 85.91327702179079, 19.819526998631783 ], [ 85.917526546924321, 19.821221414138098 ], [ 85.919586677536259, 19.820833539649602 ], [ 85.918333667954855, 19.819553764827372 ], [ 85.913308223677873, 19.818719838121584 ], [ 85.912443222448417, 19.817917278463089 ], [ 85.910026384929537, 19.817917211257157 ], [ 85.906637459708662, 19.816222801256622 ], [ 85.902472636378164, 19.814581792717409 ], [ 85.899971070455038, 19.814581836824264 ], [ 85.899137214516514, 19.813694443036198 ], [ 85.894972416986988, 19.813747958463154 ], [ 85.894111793808037, 19.812860659864008 ], [ 85.891694965741436, 19.812914121187138 ], [ 85.890776384119178, 19.812111526825024 ], [ 85.888306099036214, 19.812084747943675 ], [ 85.88752575061612, 19.81122410951609 ], [ 85.887414684486245, 19.811210394118049 ], [ 85.882753602742113, 19.835173377170179 ], [ 85.865323505955644, 19.806914396243847 ], [ 85.86475147748564, 19.806780394874949 ], [ 85.863855217528254, 19.811097272434708 ], [ 85.863407048403033, 19.81547176393126 ], [ 85.863410124675468, 19.819866767056883 ], [ 85.863864454328819, 19.824240687430571 ], [ 85.864765774174558, 19.828552126835245 ], [ 85.865882339162283, 19.832059097629575 ], [ 85.846665867882265, 19.803052786742278 ] ], [ [ 85.879392961742326, 19.852445479645404 ], [ 85.877637948479418, 19.849797651499976 ], [ 85.87880172263408, 19.850912251609138 ], [ 85.879573105688181, 19.851519735982315 ], [ 85.879392961742326, 19.852445479645404 ] ] ] } },
{ "type": "Feature", "properties": { "seg_id": "S031", "km_from_south": 155, "zone_km2": 38.9, "site_id": "" }, "geometry": { "type": "Polygon", "coordinates": [ [ [ 85.887821909929926, 19.813005950843547 ], [ 85.887248850790996, 19.812875851551215 ], [ 85.88723691051726, 19.812922960137666 ], [ 85.886369000750776, 19.817279644940019 ], [ 85.885956448072619, 19.821695856670633 ], [ 85.886003262728195, 19.826129069711225 ], [ 85.88650903198733, 19.830536591281025 ], [ 85.887468922654136, 19.834875972530384 ], [ 85.888873726164761, 19.839105417419599 ], [ 85.89070994589494, 19.843184185442723 ], [ 85.892959925889457, 19.847072984310294 ], [ 85.895602019822405, 19.850734348796987 ], [ 85.898610798603031, 19.854133002088592 ], [ 85.901957294661173, 19.857236196127932 ], [ 85.905609280584031, 19.860014027658391 ], [ 85.909531579434073, 19.862439726895758 ], [ 85.913686403761886, 19.864489916021711 ], [ 85.918033720040128, 19.866144834982734 ], [ 85.922531634989269, 19.867388532394319 ], [ 85.922886250086066, 19.867468943394208 ], [ 85.925255509908453, 19.868366098582754 ], [ 85.929402344995381, 19.869730580914599 ], [ 85.931927630659203, 19.87044014415396 ], [ 85.936189503741915, 19.87143836796853 ], [ 85.938773052699844, 19.871925405054917 ], [ 85.939688136045092, 19.872077296176446 ], [ 85.940034647915084, 19.872163955765217 ], [ 85.940120255286217, 19.872182677963895 ], [ 85.941556853896614, 19.87255419469594 ], [ 85.941561263239734, 19.872538934040985 ], [ 85.943863357967388, 19.873158072981202 ], [ 85.946429366728239, 19.873728891598368 ], [ 85.95074781785236, 19.874493052820007 ], [ 85.953358458465885, 19.874838255509889 ], [ 85.955448194457205, 19.875068316522572 ], [ 85.957126717448205, 19.875395582480508 ], [ 85.958793933022406, 19.875688472547839 ], [ 85.960410138885791, 19.876015110680889 ], [ 85.960488365764945, 19.876026619339232 ], [ 85.960728743777281, 19.876106393814613 ], [ 85.962336583288391, 19.876630692785572 ], [ 85.966290121137817, 19.877741617433305 ], [ 85.967730968191844, 19.878083163937998 ], [ 85.979254324284454, 19.834562635650634 ], [ 85.979164684835069, 19.834554194690735 ], [ 85.974977613800846, 19.832917691215826 ], [ 85.973274267468597, 19.832917695986058 ], [ 85.972502826883087, 19.832057065109463 ], [ 85.968306802795254, 19.832083782404474 ], [ 85.967477391237395, 19.831223191580012 ], [ 85.964142000691425, 19.83119200856877 ], [ 85.963303716554393, 19.830389327064562 ], [ 85.954140233962448, 19.829582275690022 ], [ 85.953306387211413, 19.828721625944077 ], [ 85.950804844662855, 19.828694877873815 ], [ 85.949975465506569, 19.827887815988277 ], [ 85.944169674930322, 19.827053920541601 ], [ 85.938363938091385, 19.824556809095458 ], [ 85.935804446224267, 19.824610334463081 ], [ 85.934975061840163, 19.823722976829149 ], [ 85.933185481077643, 19.823722999229322 ], [ 85.93097228267068, 19.833589696670249 ], [ 85.924426185143702, 19.825716800784633 ], [ 85.923842518329067, 19.825639400904564 ], [ 85.923420233363629, 19.830058678108102 ], [ 85.92345787029987, 19.834492014710523 ], [ 85.923954543008534, 19.838900510721476 ], [ 85.924905505927796, 19.843241707914171 ], [ 85.926301636517294, 19.847473792767136 ], [ 85.927338057486935, 19.849788452757924 ], [ 85.927337260346349, 19.849792005420621 ], [ 85.906406990707396, 19.816619828639627 ], [ 85.905838543706125, 19.816472662044855 ], [ 85.904824645052003, 19.820804650127556 ], [ 85.904264877117555, 19.82520634743425 ], [ 85.904163684281954, 19.829638770018143 ], [ 85.904522079063639, 19.834059233798261 ], [ 85.905336647885107, 19.838425166376116 ], [ 85.905783898192766, 19.839937120976085 ], [ 85.887821909929926, 19.813005950843547 ] ], [ [ 85.923567560119238, 19.866590609152258 ], [ 85.921041622520889, 19.862805453918263 ], [ 85.922629091140792, 19.864093090889142 ], [ 85.923934172084415, 19.864957085483649 ], [ 85.923567560119238, 19.866590609152258 ] ] ] } },
{ "type": "Feature", "properties": { "seg_id": "S032", "km_from_south": 160, "zone_km2": 29.9, "site_id": "" }, "geometry": { "type": "Polygon", "coordinates": [ [ [ 85.973563278952582, 19.879244371345315 ], [ 85.976325288076666, 19.879633852956143 ], [ 85.978635337291053, 19.879905304816443 ], [ 85.98050053439853, 19.880080911373678 ], [ 85.982966721222553, 19.880543973576856 ], [ 85.983593573030319, 19.880657554828041 ], [ 85.98396617630911, 19.880722628104113 ], [ 85.984172491624065, 19.880758216698371 ], [ 85.987518286460286, 19.881328140164413 ], [ 85.993144401172572, 19.881963262175276 ], [ 85.995575956222538, 19.882100033918743 ], [ 85.995848113869613, 19.882126778443229 ], [ 85.996883615346633, 19.882180135644656 ], [ 85.999425742869363, 19.882442819402868 ], [ 85.999539600880397, 19.882469298212108 ], [ 85.999626230567713, 19.882488790178925 ], [ 85.99973517387032, 19.882519843173959 ], [ 86.001839048905794, 19.883026786434208 ], [ 86.001836780571153, 19.883034770742952 ], [ 86.003110921394409, 19.883358704847346 ], [ 86.006175873687027, 19.884036286684875 ], [ 86.008931771558338, 19.884555537026714 ], [ 86.011702035478208, 19.885177053154997 ], [ 86.014038495522286, 19.885604884520088 ], [ 86.017203848794281, 19.886185230018253 ], [ 86.026242146787752, 19.842054462652804 ], [ 86.024192703069389, 19.842081096779669 ], [ 86.023332115684084, 19.841247304904591 ], [ 86.019996737209411, 19.84124724313147 ], [ 86.019162858978106, 19.84039108671308 ], [ 86.015831882668721, 19.840417889079703 ], [ 86.014966874284198, 19.839557307854562 ], [ 86.01249648766418, 19.839526017559365 ], [ 86.011667082105959, 19.838723436957565 ], [ 86.009161111252155, 19.838776913251444 ], [ 86.008331730105198, 19.837916285843178 ], [ 86.000002066374918, 19.837055703526747 ], [ 85.993331280222179, 19.837055665030057 ], [ 85.992470646938031, 19.836221847492634 ], [ 85.989135304837816, 19.836275358668054 ], [ 85.988305914587315, 19.835414749370806 ], [ 85.979254324284454, 19.834562635650634 ], [ 85.973136221014059, 19.857672388703765 ], [ 85.951362199342981, 19.834571770925027 ], [ 85.950773673173828, 19.834541293970229 ], [ 85.950772981705711, 19.834553250288135 ], [ 85.950746813546886, 19.838986693518795 ], [ 85.95118000923361, 19.843401213786482 ], [ 85.952068434677585, 19.847754295285405 ], [ 85.953403569951973, 19.852004010463091 ], [ 85.955172589952355, 19.856109423994152 ], [ 85.957358486637133, 19.860030987323988 ], [ 85.959940231719585, 19.863730919970877 ], [ 85.962892978287712, 19.867173573897993 ], [ 85.966188299445079, 19.870325777426128 ], [ 85.969166260955134, 19.872663935803697 ], [ 85.967730968191901, 19.878083163938012 ], [ 85.968998878344777, 19.878383705761056 ], [ 85.973563278952582, 19.879244371345315 ] ] ] } },
{ "type": "Feature", "properties": { "seg_id": "S033", "km_from_south": 165, "zone_km2": 33.9, "site_id": "" }, "geometry": { "type": "MultiPolygon", "coordinates": [ [ [ [ 85.980195282640452, 19.836247871129004 ], [ 85.979610608515728, 19.836177252496515 ], [ 85.979609848133734, 19.836182889603478 ], [ 85.979245371541964, 19.840603001784249 ], [ 85.979340493101361, 19.845035632978284 ], [ 85.979894334914505, 19.849438095487429 ], [ 85.980901600688426, 19.853767988664941 ], [ 85.982352625297381, 19.857983607350086 ], [ 85.984233466498964, 19.862044343735821 ], [ 85.986526037973775, 19.865911078791253 ], [ 85.989208282454584, 19.869546559455941 ], [ 85.992254383318951, 19.872915757956189 ], [ 85.995635012640051, 19.875986209761688 ], [ 85.999317613329353, 19.878728326903957 ], [ 86.003266712666402, 19.881115683613363 ], [ 86.007444264196707, 19.883125271497054 ], [ 86.011810014694973, 19.884737721773774 ], [ 86.016321892638373, 19.885937492399894 ], [ 86.0166055528626, 19.885985168552754 ], [ 86.016726850681209, 19.886023411752113 ], [ 86.017037951225007, 19.886107645274826 ], [ 86.017028522203631, 19.886152764695513 ], [ 86.017055558323278, 19.886157820688471 ], [ 86.017388631001069, 19.886202594512248 ], [ 86.019092001510913, 19.886663783819245 ], [ 86.023078758123987, 19.887569946203097 ], [ 86.023923180233069, 19.88772593350923 ], [ 86.024100690152821, 19.887768589341629 ], [ 86.02629394903731, 19.888188450589475 ], [ 86.026296994315274, 19.888174215052981 ], [ 86.028145367885045, 19.888554189744848 ], [ 86.030550599545833, 19.888947964890065 ], [ 86.031190105736641, 19.889026289538009 ], [ 86.035337851736557, 19.889963591005731 ], [ 86.036950998247136, 19.890245162667075 ], [ 86.041288208627762, 19.891370928241876 ], [ 86.042333453983318, 19.891582641024815 ], [ 86.042969062206652, 19.891785728020551 ], [ 86.04535788678065, 19.892441193966508 ], [ 86.049385672100115, 19.893369090966235 ], [ 86.05182563098532, 19.893826050865684 ], [ 86.052501673495868, 19.893938289548498 ], [ 86.055260868215839, 19.894469032501927 ], [ 86.056315786683868, 19.894617675244607 ], [ 86.05631708776275, 19.894618128315113 ], [ 86.057036837798591, 19.894851374008525 ], [ 86.057071959384245, 19.89475439973144 ], [ 86.057534246560124, 19.894870580361783 ], [ 86.059033663110171, 19.89520403779299 ], [ 86.059074880858489, 19.895038199606084 ], [ 86.05992439413636, 19.895152150174731 ], [ 86.059928219251987, 19.89512663400896 ], [ 86.060240637502091, 19.895170647310785 ], [ 86.060783307292454, 19.895219618747699 ], [ 86.060839304886997, 19.894664379429177 ], [ 86.0595945423008, 19.894524806055568 ], [ 86.056767501568899, 19.894010198180258 ], [ 86.056020323357913, 19.893807648441385 ], [ 86.049204814037992, 19.890894846627834 ], [ 86.070640117232699, 19.855359616782227 ], [ 86.064141844322066, 19.854553210262633 ], [ 86.063276711437624, 19.853750561353305 ], [ 86.058304813136928, 19.85372381348181 ], [ 86.057471008717485, 19.852863247899986 ], [ 86.049163654570307, 19.852943437766019 ], [ 86.047469205820363, 19.851195526940455 ], [ 86.040802905747569, 19.85122231161229 ], [ 86.040388159305081, 19.850834349761257 ], [ 86.041663513440739, 19.849554585407144 ], [ 86.043304464251676, 19.849581320470204 ], [ 86.0441650302471, 19.848720680008373 ], [ 86.045805979351385, 19.847918072310605 ], [ 86.048361056551158, 19.847944803221647 ], [ 86.054166773486614, 19.850388461058294 ], [ 86.056641624812002, 19.850388463414696 ], [ 86.057051806683006, 19.849193357406481 ], [ 86.0549471104909, 19.847918034308481 ], [ 86.049141403572065, 19.847084179903973 ], [ 86.048361056551158, 19.846223592917543 ], [ 86.041641181397083, 19.845389746564969 ], [ 86.040780573331688, 19.844582679786821 ], [ 86.035804250046965, 19.844609385359689 ], [ 86.034974829187419, 19.84372209638321 ], [ 86.029137844965916, 19.842888209047768 ], [ 86.028304036322766, 19.842027642993074 ], [ 86.026241230922082, 19.842054474560463 ], [ 86.022384628346302, 19.860518197746654 ], [ 86.007290582906393, 19.838635310326175 ], [ 86.006713288510994, 19.838522710032461 ], [ 86.006706543376723, 19.838553674771461 ], [ 86.005986932796205, 19.842934651094883 ], [ 86.00572456389699, 19.847361270925184 ], [ 86.005922001133811, 19.851790907105418 ], [ 86.006577381240916, 19.85618089995932 ], [ 86.00768442970913, 19.860488968117672 ], [ 86.009232519781989, 19.864673615835496 ], [ 86.010734384855212, 19.867732449389866 ], [ 85.987886803296291, 19.835375304667966 ], [ 85.986657915000563, 19.835259641954725 ], [ 85.98607229342457, 19.838906529733421 ], [ 85.985850591197277, 19.842889005960618 ], [ 85.980195282640452, 19.836247871129004 ] ], [ [ 86.018561992076769, 19.878814473699968 ], [ 86.017483433917775, 19.877287600987813 ], [ 86.018627944800457, 19.878498845116049 ], [ 86.018561992076769, 19.878814473699968 ] ] ], [ [ [ 86.072591849543741, 19.852123093723282 ], [ 86.072524939801355, 19.852082904102861 ], [ 86.070808161557906, 19.852082883828924 ], [ 86.069969815460311, 19.851195518224252 ], [ 86.067495059529008, 19.851195520204911 ], [ 86.066634416069547, 19.850388456371508 ], [ 86.062532046187528, 19.850415214454628 ], [ 86.061667041847926, 19.849554530623056 ], [ 86.05997253709694, 19.849554536645243 ], [ 86.057916888455267, 19.851668195451062 ], [ 86.058336083457405, 19.852056130553613 ], [ 86.065002451632026, 19.852056082533291 ], [ 86.068337801114282, 19.853723808938131 ], [ 86.071324249535209, 19.854225150569004 ], [ 86.072591849543741, 19.852123093723282 ] ] ] ] } },
{ "type": "Feature", "properties": { "seg_id": "S034", "km_from_south": 170, "zone_km2": 28.2, "site_id": "" }, "geometry": { "type": "MultiPolygon", "coordinates": [ [ [ [ 86.05101047284785, 19.892476175497602 ], [ 86.053094061303469, 19.893496458430416 ], [ 86.0566374469755, 19.895060977194888 ], [ 86.058802353971913, 19.895916541115874 ], [ 86.060621895382795, 19.896594546822669 ], [ 86.061386741408455, 19.896862563450291 ], [ 86.06167746177772, 19.896979960779486 ], [ 86.066395900215383, 19.898613435698266 ], [ 86.069277588990687, 19.899451247783631 ], [ 86.069825322576506, 19.899607098629129 ], [ 86.072902784977018, 19.90046374298835 ], [ 86.078350423038984, 19.901657257424393 ], [ 86.079494085829225, 19.901841858247561 ], [ 86.081350592227281, 19.902398043506292 ], [ 86.082053347735382, 19.902632181043884 ], [ 86.082061394106319, 19.902610573566374 ], [ 86.085502403882998, 19.903730495550835 ], [ 86.088515492069092, 19.90454584887836 ], [ 86.090764387377959, 19.905091899658828 ], [ 86.091059177602574, 19.905172585210607 ], [ 86.093102844261566, 19.905642810444196 ], [ 86.09310172945834, 19.905646869370749 ], [ 86.094685267376633, 19.906035966002882 ], [ 86.095481550161878, 19.906249512445321 ], [ 86.096447214704611, 19.906481958575636 ], [ 86.098313634246892, 19.906985637980142 ], [ 86.098854845390321, 19.907121130552039 ], [ 86.100328761056659, 19.907610338927341 ], [ 86.10289974918993, 19.90833770555378 ], [ 86.105739951400167, 19.909005911721959 ], [ 86.105738760845099, 19.909010319105104 ], [ 86.106225900563004, 19.909128039474943 ], [ 86.106227882899248, 19.909120700870051 ], [ 86.10724008578913, 19.909358823613001 ], [ 86.108216239035215, 19.90954303902387 ], [ 86.1083316230566, 19.908996054101006 ], [ 86.106375188191578, 19.908575374831273 ], [ 86.118037283971958, 19.86538879679124 ], [ 86.115804967162603, 19.865388818127226 ], [ 86.112474015326853, 19.863752323893731 ], [ 86.109967966462833, 19.863752300463496 ], [ 86.109138573342733, 19.86288729630596 ], [ 86.106668265521364, 19.862918477748945 ], [ 86.105803225598933, 19.862053412634445 ], [ 86.103332835104396, 19.862053440246367 ], [ 86.10247224679388, 19.861250765550682 ], [ 86.097442339431311, 19.860416932821472 ], [ 86.096666454847096, 19.859556318284419 ], [ 86.092497215529903, 19.858722437950384 ], [ 86.091636601279305, 19.857861864192625 ], [ 86.08413641995277, 19.857086022052812 ], [ 86.08327582132523, 19.856220883575276 ], [ 86.080863440562368, 19.856252170938845 ], [ 86.078330657318944, 19.854584448714999 ], [ 86.076689732305852, 19.854584419393127 ], [ 86.072591849543741, 19.852123093723282 ], [ 86.071324249535166, 19.854225150568997 ], [ 86.07327848130673, 19.854553183140812 ], [ 86.073777958934741, 19.855806207238714 ], [ 86.071641983540502, 19.856220876521199 ], [ 86.070861665929201, 19.855387105684436 ], [ 86.070640117232642, 19.855359616782223 ], [ 86.04890896142399, 19.891385172680877 ], [ 86.049292575985561, 19.891592289685153 ], [ 86.05101047284785, 19.892476175497602 ] ] ], [ [ [ 86.060991220623535, 19.851056135545008 ], [ 86.060986892191494, 19.851071889174051 ], [ 86.061557413643996, 19.851212226224117 ], [ 86.062997005177664, 19.850412186461991 ], [ 86.062532046187528, 19.850415214454628 ], [ 86.061667041847926, 19.849554530623056 ], [ 86.061489999330675, 19.849554532005673 ], [ 86.060991220623535, 19.851056135545008 ] ] ] ] } },
{ "type": "Feature", "properties": { "seg_id": "S035", "km_from_south": 175, "zone_km2": 26.4, "site_id": "" }, "geometry": { "type": "Polygon", "coordinates": [ [ [ 86.10214186369717, 19.907335149475614 ], [ 86.101939547247667, 19.907859061022407 ], [ 86.101971900640606, 19.907870238223769 ], [ 86.102321707657879, 19.908007467126158 ], [ 86.107465173655896, 19.909706974621582 ], [ 86.11060776541764, 19.910558478918329 ], [ 86.115922534222577, 19.911692692125769 ], [ 86.117103984366821, 19.911878571321321 ], [ 86.117305861561206, 19.911948046423813 ], [ 86.117407225899797, 19.911978128893505 ], [ 86.117980640646365, 19.912212095720946 ], [ 86.122478928281325, 19.913798899770487 ], [ 86.125367642771536, 19.914664129091097 ], [ 86.127299989058372, 19.915190130799953 ], [ 86.127750248646095, 19.915327573124774 ], [ 86.127752837168188, 19.915319987461409 ], [ 86.129162075122338, 19.915788434848597 ], [ 86.13165921550582, 19.916499538390052 ], [ 86.135873863416776, 19.91750432438883 ], [ 86.136321727371566, 19.917590806517161 ], [ 86.137361032783517, 19.917896743387793 ], [ 86.14203691803894, 19.91903147605834 ], [ 86.143286093847223, 19.919271709617668 ], [ 86.144589035255464, 19.919765402093986 ], [ 86.150035418406844, 19.921477658709758 ], [ 86.151353056999341, 19.921810223829308 ], [ 86.163634457690293, 19.87827216957422 ], [ 86.161635561671787, 19.877887660628414 ], [ 86.158300211948116, 19.876193204818389 ], [ 86.15582986503847, 19.87625116278199 ], [ 86.155000437120435, 19.875390573596931 ], [ 86.149167975119894, 19.874556709899149 ], [ 86.148329664720407, 19.87374969050493 ], [ 86.144998650748761, 19.873722857047355 ], [ 86.141672235099506, 19.872055175779309 ], [ 86.135001357557414, 19.870418735121682 ], [ 86.13416304832981, 19.869558066165858 ], [ 86.129975957269693, 19.868724238629536 ], [ 86.129195670336941, 19.867859185055121 ], [ 86.121610693912857, 19.867083257517312 ], [ 86.118333263033051, 19.865388791862404 ], [ 86.118037283971958, 19.86538879679124 ], [ 86.114890762844283, 19.87704345695769 ], [ 86.107391351637531, 19.866344376510256 ], [ 86.106813430762145, 19.866234147298119 ], [ 86.106812367380755, 19.866239137593485 ], [ 86.106112732766391, 19.870623128899698 ], [ 86.105870637798773, 19.875050885201428 ], [ 86.106088451816618, 19.879479768083399 ], [ 86.106764115348611, 19.883867124802059 ], [ 86.107891158478566, 19.888170699057547 ], [ 86.109458761726003, 19.892349038081719 ], [ 86.110300232447358, 19.894043261344756 ], [ 86.10637540917385, 19.908574556747048 ], [ 86.10214186369717, 19.907335149475614 ] ] ] } },
{ "type": "Feature", "properties": { "seg_id": "S036", "km_from_south": 180, "zone_km2": 31.4, "site_id": "" }, "geometry": { "type": "Polygon", "coordinates": [ [ [ 86.150559855316317, 19.921567946136157 ], [ 86.152874399260128, 19.922315842751818 ], [ 86.155674346037827, 19.923145465672512 ], [ 86.157492255824252, 19.923588848602883 ], [ 86.159145766027478, 19.924108898984155 ], [ 86.162301272519855, 19.92500686160556 ], [ 86.16369637307946, 19.925362810919339 ], [ 86.165052709476228, 19.925824113435443 ], [ 86.167660049713533, 19.92658046106185 ], [ 86.168625245995187, 19.926813557240628 ], [ 86.170842556314952, 19.927605326903187 ], [ 86.173661700241482, 19.928457490846622 ], [ 86.176030406206877, 19.929110203368648 ], [ 86.176644475959606, 19.929263255591209 ], [ 86.177736825423651, 19.929505032612635 ], [ 86.180429653182188, 19.930482642125487 ], [ 86.182992092980626, 19.93133464840183 ], [ 86.183290114159561, 19.931424819995254 ], [ 86.186050235037214, 19.93262369312702 ], [ 86.191014201015847, 19.9344697910397 ], [ 86.19382335662263, 19.935346623817544 ], [ 86.20863431426605, 19.892897226172362 ], [ 86.207497416982804, 19.892888111244222 ], [ 86.201691734508273, 19.889557132241148 ], [ 86.193335321561236, 19.887028885953786 ], [ 86.192474770443681, 19.886221726927687 ], [ 86.18913933828928, 19.886221711289732 ], [ 86.188309907618589, 19.885414655475095 ], [ 86.18580834379469, 19.885387903899954 ], [ 86.1833335837687, 19.883720170569347 ], [ 86.180832008932768, 19.883720200161658 ], [ 86.177496592172858, 19.882030214640377 ], [ 86.174972767760167, 19.88208374757733 ], [ 86.171690833506318, 19.88038928155849 ], [ 86.169135829940601, 19.880389280212192 ], [ 86.165831630885705, 19.878694791412567 ], [ 86.163634457690293, 19.87827216957422 ], [ 86.151715413863855, 19.920526036846393 ], [ 86.118764182714941, 19.867315340406368 ], [ 86.11819298985624, 19.867177224902463 ], [ 86.118182950391002, 19.867214387995379 ], [ 86.117246663512617, 19.871558691154714 ], [ 86.116764933852082, 19.87596889343628 ], [ 86.116742437800667, 19.880402527236477 ], [ 86.117179430204999, 19.884816895865612 ], [ 86.118071740444933, 19.889169484673666 ], [ 86.119410811142345, 19.893418370557278 ], [ 86.121183779184264, 19.897522625902091 ], [ 86.123373598333316, 19.901442713062767 ], [ 86.12595920229441, 19.905140865569415 ], [ 86.12891570670952, 19.908581452372577 ], [ 86.132214648170091, 19.911731321598353 ], [ 86.135824257970114, 19.914560120479749 ], [ 86.139709767978218, 19.917040588357573 ], [ 86.143833745686237, 19.919148819902396 ], [ 86.148156455200052, 19.920864495995946 ], [ 86.150518116467609, 19.921553319870952 ], [ 86.150559855316317, 19.921567946136157 ] ] ] } },
{ "type": "Feature", "properties": { "seg_id": "S037", "km_from_south": 185, "zone_km2": 32.7, "site_id": "" }, "geometry": { "type": "Polygon", "coordinates": [ [ [ 86.163762558876485, 19.881727828182612 ], [ 86.163190770299707, 19.881591718636543 ], [ 86.163185531974477, 19.881611412021073 ], [ 86.162266206692308, 19.885959012490559 ], [ 86.16180174113579, 19.8903709156952 ], [ 86.161796645550268, 19.894804637453369 ], [ 86.162251007253545, 19.899217480022116 ], [ 86.163160488325133, 19.903566943240854 ], [ 86.164516365927327, 19.907811133906897 ], [ 86.166305614925079, 19.911909169437568 ], [ 86.168511032063279, 19.915821571923637 ], [ 86.171111400554025, 19.919510648766909 ], [ 86.174081693531292, 19.922940856218951 ], [ 86.177393314448025, 19.926079142299528 ], [ 86.181014372124764, 19.92889526576845 ], [ 86.18490998781526, 19.931362088053373 ], [ 86.189042631334445, 19.933455835295455 ], [ 86.193372483003529, 19.935156327962453 ], [ 86.193842554556568, 19.935291617488268 ], [ 86.193823356622985, 19.935346623817665 ], [ 86.194053375257354, 19.935418418064486 ], [ 86.196041962629465, 19.935924601444029 ], [ 86.196055716662244, 19.935928559718469 ], [ 86.196112941738036, 19.935947790348884 ], [ 86.196948462765789, 19.936220361731671 ], [ 86.198198753988763, 19.936616034406693 ], [ 86.199507391632324, 19.93732078499497 ], [ 86.20131370369559, 19.93824547683057 ], [ 86.203505521941835, 19.939310517903493 ], [ 86.207235921299031, 19.940935402358416 ], [ 86.209516441702362, 19.941818418482192 ], [ 86.211814348423943, 19.942600858580111 ], [ 86.211823096946972, 19.942606410135333 ], [ 86.215680417305052, 19.944811923937205 ], [ 86.215830007384127, 19.944888583484747 ], [ 86.216302027070498, 19.945191605570368 ], [ 86.220234500620606, 19.947462121796665 ], [ 86.222660759309946, 19.948715223549232 ], [ 86.226806399559749, 19.950616848149526 ], [ 86.229349117969008, 19.951643038538759 ], [ 86.231489891279907, 19.952449836356173 ], [ 86.232855970236045, 19.952928889906353 ], [ 86.235373571818442, 19.953737121483041 ], [ 86.2355011948749, 19.953774380598837 ], [ 86.235663315083585, 19.953828831589828 ], [ 86.235860759093271, 19.953303225333322 ], [ 86.231659780095384, 19.951670113026978 ], [ 86.251716227299184, 19.911249732580277 ], [ 86.251664823351007, 19.911223960111307 ], [ 86.24997039856629, 19.911223964966638 ], [ 86.249136533284926, 19.910416827270172 ], [ 86.246635010327211, 19.910390060753169 ], [ 86.244940495296461, 19.909525005740608 ], [ 86.240775734996959, 19.90625199425563 ], [ 86.237502763164855, 19.906220853049497 ], [ 86.23708355951041, 19.906693510197961 ], [ 86.23835891077988, 19.907888512127062 ], [ 86.240838130637101, 19.90877584450724 ], [ 86.245413188829716, 19.912472499158035 ], [ 86.245413188829716, 19.914109008625381 ], [ 86.242082229457964, 19.916695254169216 ], [ 86.243330793195028, 19.917890326377421 ], [ 86.245390867935413, 19.918305011124772 ], [ 86.245390867935413, 19.919165589629642 ], [ 86.243330793195028, 19.921221245308043 ], [ 86.240860453530757, 19.917083188889308 ], [ 86.235808253773328, 19.917917013413959 ], [ 86.235389113669129, 19.916663997002889 ], [ 86.236249715341188, 19.915000817277136 ], [ 86.23496997011074, 19.913721056474177 ], [ 86.232499611840495, 19.912918357467483 ], [ 86.225828804947653, 19.90955622473853 ], [ 86.224134371912868, 19.90955625745941 ], [ 86.222948219720607, 19.910804734803673 ], [ 86.222502300606649, 19.912860380061023 ], [ 86.221641699015336, 19.911277459360665 ], [ 86.219581592800452, 19.910804742497852 ], [ 86.222502300606649, 19.909556231742254 ], [ 86.22666708417222, 19.902916586727883 ], [ 86.231634527844051, 19.902858655124099 ], [ 86.234194076424657, 19.904611113917543 ], [ 86.235389113669129, 19.904138390483521 ], [ 86.234194076424657, 19.902082801516194 ], [ 86.232499611840495, 19.901222196625383 ], [ 86.227469763130983, 19.900388276710384 ], [ 86.216638616592945, 19.894555815573771 ], [ 86.214997619489495, 19.894529066899239 ], [ 86.210832889653048, 19.892914832370458 ], [ 86.20863431426605, 19.892897226172362 ], [ 86.201003926844052, 19.914769712676797 ], [ 86.185044571172625, 19.890881212927439 ], [ 86.184470047919916, 19.890755684779535 ], [ 86.184465666874999, 19.890773626914381 ], [ 86.183636153996602, 19.895137387744732 ], [ 86.183262774311885, 19.899557042035365 ], [ 86.183349161210316, 19.903990030251439 ], [ 86.183894521036493, 19.908393660984036 ], [ 86.184893639261361, 19.912725522060988 ], [ 86.185592276636584, 19.914767488076784 ], [ 86.163762558876485, 19.881727828182612 ] ] ] } },
{ "type": "Feature", "properties": { "seg_id": "S038", "km_from_south": 190, "zone_km2": 24.3, "site_id": "" }, "geometry": { "type": "Polygon", "coordinates": [ [ [ 86.230180204393989, 19.950957814330746 ], [ 86.229903859398235, 19.951450598066032 ], [ 86.234287478184797, 19.953648504540229 ], [ 86.23559379190111, 19.954531326904473 ], [ 86.239188494790952, 19.956737228457722 ], [ 86.23991515781151, 19.957140540109044 ], [ 86.240059142122618, 19.957248468400028 ], [ 86.242329107401332, 19.958785897567431 ], [ 86.243792664907602, 19.959678482609007 ], [ 86.244959474845132, 19.960551269738396 ], [ 86.247084994976248, 19.961996993438486 ], [ 86.24899720388234, 19.96317616483795 ], [ 86.249401442690257, 19.963468625903282 ], [ 86.251703461564489, 19.965049988889938 ], [ 86.255673858718637, 19.967502266211451 ], [ 86.258130443409982, 19.968860006748134 ], [ 86.26020733964836, 19.969943378172207 ], [ 86.261098653853665, 19.970381381473526 ], [ 86.261255102247858, 19.970475208954163 ], [ 86.265024726888257, 19.972514917999021 ], [ 86.267343035616278, 19.973640260700243 ], [ 86.268669545871759, 19.974248537091555 ], [ 86.269899702350216, 19.974864360432818 ], [ 86.269930162735307, 19.974809971560727 ], [ 86.270174107555945, 19.974915423320407 ], [ 86.270419429254773, 19.974408150425223 ], [ 86.270209882660382, 19.974310512530192 ], [ 86.292013367278756, 19.935367396208566 ], [ 86.291609499954546, 19.935361017286972 ], [ 86.289968522920589, 19.933751346497548 ], [ 86.286637544632896, 19.932886232782806 ], [ 86.285027848217823, 19.931223025630352 ], [ 86.278303525342764, 19.927918825898669 ], [ 86.276662582038952, 19.926251112725208 ], [ 86.274192237150245, 19.925417264691493 ], [ 86.271637182308879, 19.922888984726153 ], [ 86.269166824999729, 19.922081841877333 ], [ 86.266692009025903, 19.919553564790732 ], [ 86.263307592246676, 19.917863573349294 ], [ 86.259972150131972, 19.915388718389408 ], [ 86.251716227299184, 19.911249732580277 ], [ 86.231873227720769, 19.951240071425627 ], [ 86.231345475883444, 19.950866046083821 ], [ 86.230981292498967, 19.951304828188153 ], [ 86.231097281161325, 19.951390904740709 ], [ 86.230180204393989, 19.950957814330746 ] ] ] } },
{ "type": "Feature", "properties": { "seg_id": "S039", "km_from_south": 195, "zone_km2": 30.6, "site_id": "" }, "geometry": { "type": "MultiPolygon", "coordinates": [ [ [ [ 86.274216170892572, 19.97677960321705 ], [ 86.276816389054602, 19.977786902147258 ], [ 86.281231963738676, 19.97926286460978 ], [ 86.283924063554721, 19.980024590292942 ], [ 86.284676687607558, 19.980214210026098 ], [ 86.286585588027293, 19.981101283061761 ], [ 86.289126270018897, 19.982141105962878 ], [ 86.291403435059408, 19.982952020402426 ], [ 86.292366455020968, 19.983369814115008 ], [ 86.29558001637136, 19.984653498561769 ], [ 86.300390573705371, 19.986256530063404 ], [ 86.300729761424506, 19.986377218059442 ], [ 86.300989987462671, 19.986456262568815 ], [ 86.301063808785401, 19.986480860625747 ], [ 86.301127859298916, 19.986498141404279 ], [ 86.302149007151755, 19.986808313033226 ], [ 86.304196772049963, 19.987382896717168 ], [ 86.306669177360845, 19.988020119998843 ], [ 86.308742086332131, 19.988507574606626 ], [ 86.310626260807638, 19.988908578651319 ], [ 86.312646437342224, 19.989295432650632 ], [ 86.31508012170174, 19.98971000356801 ], [ 86.316883560375175, 19.989941808892162 ], [ 86.317531677043746, 19.990100578618534 ], [ 86.317925907975223, 19.990179775474385 ], [ 86.319498563169375, 19.990540463285402 ], [ 86.319166741325674, 19.990109869650713 ], [ 86.318337341913647, 19.987055383056106 ], [ 86.315001884288066, 19.987915990746856 ], [ 86.314529220132755, 19.986141317452585 ], [ 86.316277211826829, 19.985833622819609 ], [ 86.316277211826829, 19.98333203892275 ], [ 86.31458277915543, 19.98177580057158 ], [ 86.315804559597368, 19.980389020627399 ], [ 86.318306075680937, 19.981276401221578 ], [ 86.321610283201522, 19.984558347469143 ], [ 86.323304789781645, 19.98455830822823 ], [ 86.324165370276774, 19.983693209286233 ], [ 86.330840922783025, 19.980398374261707 ], [ 86.337524609388893, 19.948751764773913 ], [ 86.336637459089928, 19.948751761901626 ], [ 86.333306536728614, 19.947057233062107 ], [ 86.32997113898162, 19.947057243080369 ], [ 86.329195228370011, 19.946250188934549 ], [ 86.326635675632389, 19.946223459169079 ], [ 86.325775137226969, 19.945416284615675 ], [ 86.320807700105021, 19.945416352203047 ], [ 86.319969350488364, 19.944555724406847 ], [ 86.317472250743961, 19.944582499977784 ], [ 86.316633923183005, 19.943721860937522 ], [ 86.311666516157402, 19.94291472726314 ], [ 86.309976495801564, 19.941251554677148 ], [ 86.308335572400395, 19.941224785063511 ], [ 86.303305728053289, 19.938750005453155 ], [ 86.302476300674897, 19.937942848184171 ], [ 86.299974775603161, 19.937916138035369 ], [ 86.299194378524149, 19.937055464106926 ], [ 86.296639345523687, 19.937055540569141 ], [ 86.29330392793824, 19.935387773939865 ], [ 86.29201336727877, 19.935367396208566 ], [ 86.282864873500898, 19.951710249602954 ], [ 86.27042497182407, 19.929698908523871 ], [ 86.269863472781466, 19.929528188801601 ], [ 86.269859771090381, 19.929539077622394 ], [ 86.268645518060467, 19.933821600702625 ], [ 86.267880922615518, 19.938196049249918 ], [ 86.267573384109767, 19.94262030180516 ], [ 86.267725902162198, 19.947051753926527 ], [ 86.268337046315324, 19.951447728353806 ], [ 86.269400968335788, 19.955765886007804 ], [ 86.270907457095703, 19.959964633867205 ], [ 86.272842035561283, 19.964003525790289 ], [ 86.274479574556281, 19.966686221638657 ], [ 86.269899702350969, 19.974864360433198 ], [ 86.269974775197539, 19.974901941901628 ], [ 86.274216170892572, 19.97677960321705 ] ] ], [ [ [ 86.328274144869056, 19.992548101451266 ], [ 86.32838997187811, 19.991999884022015 ], [ 86.327910140442938, 19.992479373268637 ], [ 86.328274144869056, 19.992548101451266 ] ] ] ] } },
{ "type": "Feature", "properties": { "seg_id": "S040", "km_from_south": 200, "zone_km2": 9.2, "site_id": "" }, "geometry": { "type": "MultiPolygon", "coordinates": [ [ [ [ 86.33453159908953, 19.993504129985872 ], [ 86.337354049507795, 19.993766849243162 ], [ 86.338404592028056, 19.993839876769073 ], [ 86.33891428322066, 19.993886584912307 ], [ 86.339369685828714, 19.993906958868163 ], [ 86.339711828181407, 19.993930739353459 ], [ 86.340222768248765, 19.993954258473742 ], [ 86.340223237813504, 19.993945142203895 ], [ 86.343623904474555, 19.994097228844073 ], [ 86.346452835829083, 19.994091641247543 ], [ 86.350416801645622, 19.99389865876487 ], [ 86.350559827444883, 19.993898124688336 ], [ 86.352139036958022, 19.994216045122311 ], [ 86.356019278294269, 19.994840487772404 ], [ 86.358361782087655, 19.995124170791847 ], [ 86.362283254685849, 19.995444534775594 ], [ 86.364642521954508, 19.995544961945015 ], [ 86.366610403762778, 19.995590346499313 ], [ 86.367436161524225, 19.995593304466965 ], [ 86.36743839596484, 19.995035518097065 ], [ 86.365766887763442, 19.994991296846283 ], [ 86.348307337553649, 19.990852022801093 ], [ 86.347871054462104, 19.990645901508529 ], [ 86.347497368769737, 19.990447679511526 ], [ 86.345570546787144, 19.98883528797262 ], [ 86.356724420879061, 19.979976424510212 ], [ 86.355802660806475, 19.980362293771019 ], [ 86.351691406939267, 19.980415794919335 ], [ 86.346692719230461, 19.984585021244961 ], [ 86.345412977353917, 19.984112390636838 ], [ 86.344583622301144, 19.980777010082651 ], [ 86.342527966552453, 19.980442591704179 ], [ 86.34038759760486, 19.98416591447587 ], [ 86.340360831781595, 19.987474571404935 ], [ 86.339553750446854, 19.988330700735439 ], [ 86.337912781921588, 19.990805512512289 ], [ 86.336218301363715, 19.990805501850545 ], [ 86.335442409408969, 19.98999838987913 ], [ 86.33538894986701, 19.987474602050504 ], [ 86.333337716307625, 19.987055416359613 ], [ 86.328389971878181, 19.991999884021951 ], [ 86.328274144869113, 19.99254810145128 ], [ 86.329856207125474, 19.992846803500168 ], [ 86.33453159908953, 19.993504129985872 ] ] ], [ [ [ 86.331872056825688, 19.975516966750657 ], [ 86.331401478419437, 19.974719283795565 ], [ 86.330872444501765, 19.974966182462627 ], [ 86.331434307201562, 19.976042298024169 ], [ 86.331670897527857, 19.976469284711118 ], [ 86.330840922783054, 19.980398374261686 ], [ 86.332494932475242, 19.979581948020513 ], [ 86.337502531451207, 19.975417175392614 ], [ 86.338363179407636, 19.975417169147484 ], [ 86.341279371019226, 19.972500877686247 ], [ 86.341279371019226, 19.971667014784657 ], [ 86.3399951597046, 19.971252342724974 ], [ 86.33922373532414, 19.970026129629694 ], [ 86.34330831339642, 19.969584665127979 ], [ 86.35083075438601, 19.96291831451558 ], [ 86.354139406679437, 19.961250597945966 ], [ 86.36163966287279, 19.961223877987173 ], [ 86.362504692922471, 19.962084462414722 ], [ 86.364136742319488, 19.961250585609484 ], [ 86.368332800258315, 19.961250627027407 ], [ 86.373304679998412, 19.958749044885408 ], [ 86.374526430150027, 19.956639907243218 ], [ 86.373750586680558, 19.954945427943585 ], [ 86.371636978721938, 19.952082690009025 ], [ 86.368310456228855, 19.950414970229325 ], [ 86.360863775421649, 19.950388243046643 ], [ 86.359998717188802, 19.949581111441265 ], [ 86.357443665844272, 19.949554365835517 ], [ 86.356667791094281, 19.948693791765407 ], [ 86.348355987057971, 19.948724998868499 ], [ 86.347504327150617, 19.949527613698017 ], [ 86.342474437163105, 19.949554390872017 ], [ 86.341613859341237, 19.948751720714476 ], [ 86.337524609388893, 19.948751764773913 ], [ 86.331872056825688, 19.975516966750657 ] ] ] ] } },
{ "type": "Feature", "properties": { "seg_id": "S041", "km_from_south": 205, "zone_km2": 25.1, "site_id": "DEV" }, "geometry": { "type": "Polygon", "coordinates": [ [ [ 86.341263683838832, 19.982641925882575 ], [ 86.34038759760486, 19.98416591447587 ], [ 86.340361422614123, 19.987401540072089 ], [ 86.34098839228426, 19.989024362572554 ], [ 86.342045302734178, 19.991402281653411 ], [ 86.344004343897083, 19.995281755298961 ], [ 86.345295626116311, 19.997553930812689 ], [ 86.347635994255398, 20.001239794174214 ], [ 86.349149977757364, 20.003385643561018 ], [ 86.351850513485957, 20.006844506188017 ], [ 86.353573506101441, 20.008844588946609 ], [ 86.356609779687858, 20.012045113222822 ], [ 86.35852619100848, 20.013881307416703 ], [ 86.360161763925618, 20.015375526889045 ], [ 86.363158183599325, 20.01798542967024 ], [ 86.364726492197988, 20.019292603625274 ], [ 86.36664388588845, 20.020821548271122 ], [ 86.369954473546258, 20.023235213186137 ], [ 86.371052031781957, 20.023965322996858 ], [ 86.371091143889473, 20.023996731083841 ], [ 86.372917616939247, 20.025403396131615 ], [ 86.376061122585057, 20.027627648062172 ], [ 86.378003671992104, 20.028887830829621 ], [ 86.378774267534496, 20.029344891077187 ], [ 86.380053570908331, 20.030392736985423 ], [ 86.38023022320472, 20.030524993158924 ], [ 86.380407448794841, 20.030313553704659 ], [ 86.381329863912441, 20.030860639211788 ], [ 86.383375374730079, 20.031965826724509 ], [ 86.383668290745959, 20.031481581977147 ], [ 86.380943019587235, 20.029674584923249 ], [ 86.409800465260915, 19.995235568452131 ], [ 86.407470327979993, 19.99288790346127 ], [ 86.404999968190282, 19.992080791429707 ], [ 86.400023573210973, 19.987915984854205 ], [ 86.399171937432186, 19.987916010357957 ], [ 86.386222698809391, 19.976638970165901 ], [ 86.384612929559907, 19.97416859403441 ], [ 86.383721150238898, 19.966637146679734 ], [ 86.382445827314257, 19.965446594989842 ], [ 86.380448142847214, 19.965834559346135 ], [ 86.379583111963754, 19.970806420462754 ], [ 86.374579925492412, 19.977441616176506 ], [ 86.3745576615418, 19.979167289168807 ], [ 86.378334507061211, 19.979581970631081 ], [ 86.382499314234636, 19.984527093472224 ], [ 86.382499314234636, 19.986248349448097 ], [ 86.379997735003343, 19.986248340794795 ], [ 86.378722472245471, 19.987501272076795 ], [ 86.378334507061211, 19.991246931514958 ], [ 86.377081542278219, 19.990778770252927 ], [ 86.37789304712193, 19.98664070262112 ], [ 86.377112694782369, 19.984972992969318 ], [ 86.37249758503971, 19.979581912971174 ], [ 86.370803107358597, 19.979555211524769 ], [ 86.370027206483286, 19.978694627789832 ], [ 86.367467715696748, 19.978748078169922 ], [ 86.366607100690985, 19.977887480306617 ], [ 86.36163966287279, 19.977918680790118 ], [ 86.356724420880369, 19.979976424509658 ], [ 86.344978283544464, 19.989305639301531 ], [ 86.341263683838832, 19.982641925882575 ] ] ] } },
{ "type": "Feature", "properties": { "seg_id": "S042", "km_from_south": 210, "zone_km2": 15.1, "site_id": "" }, "geometry": { "type": "Polygon", "coordinates": [ [ [ 86.386084575776763, 20.034629498926837 ], [ 86.388455327029988, 20.036070656395566 ], [ 86.389832992247094, 20.036863556515783 ], [ 86.390479419508296, 20.039162354807647 ], [ 86.391282140060937, 20.041562552920706 ], [ 86.391844932194573, 20.041394452859016 ], [ 86.39083166112043, 20.037429290148928 ], [ 86.390967321223215, 20.037703938364142 ], [ 86.391173750303722, 20.03761287104108 ], [ 86.391852905951311, 20.037982425536931 ], [ 86.392706680459582, 20.03842566601211 ], [ 86.393175767455944, 20.038988022487256 ], [ 86.393427979572976, 20.038800126249615 ], [ 86.393535224666991, 20.038855801814368 ], [ 86.395575476004026, 20.039865118559558 ], [ 86.39750971113321, 20.040730327444237 ], [ 86.399907479912443, 20.041881648805475 ], [ 86.399897242571029, 20.041900643519671 ], [ 86.400819872093535, 20.042344731979227 ], [ 86.400830575326694, 20.042324872622956 ], [ 86.401406791465348, 20.042601538852111 ], [ 86.402060215436009, 20.042877980839688 ], [ 86.40230138634189, 20.042368877509155 ], [ 86.400965737339803, 20.041765370631111 ], [ 86.391642830280659, 20.035474392883891 ], [ 86.390831715463449, 20.034037782016583 ], [ 86.4370564392446, 20.029397175716483 ], [ 86.437056438890224, 20.028333321124183 ], [ 86.436280557604988, 20.027472707772084 ], [ 86.435388692347701, 20.022474019300937 ], [ 86.434523681375055, 20.021666975446085 ], [ 86.434554875460762, 20.019138602226942 ], [ 86.432084537130009, 20.014140002866441 ], [ 86.431250665234302, 20.01166518314005 ], [ 86.428749120707224, 20.00919484416681 ], [ 86.428749120707224, 20.008334199453291 ], [ 86.422533135700846, 20.002055795861491 ], [ 86.419973615550134, 20.001248695199472 ], [ 86.419135294091532, 20.000388084362871 ], [ 86.418337122419501, 20.000388089183094 ], [ 86.417860020705447, 20.000000214158383 ], [ 86.412500134918034, 19.997083958283152 ], [ 86.4116351150969, 19.997083949205713 ], [ 86.409800465260901, 19.995235568452131 ], [ 86.380230223204762, 20.030524993158949 ], [ 86.382263076780148, 20.032046923195505 ], [ 86.386084575776763, 20.034629498926837 ] ] ] } },
{ "type": "Feature", "properties": { "seg_id": "S043", "km_from_south": 215, "zone_km2": 30.6, "site_id": "" }, "geometry": { "type": "Polygon", "coordinates": [ [ [ 86.390097140300725, 20.038188925392873 ], [ 86.390080540068979, 20.03980831917022 ], [ 86.390125282885492, 20.042537285384803 ], [ 86.390442046519425, 20.047076246373791 ], [ 86.39077694728887, 20.04978712728143 ], [ 86.391575121957075, 20.054272977745608 ], [ 86.392196825209055, 20.056938291285849 ], [ 86.3934683839461, 20.061325551992947 ], [ 86.394370624648218, 20.063918274387245 ], [ 86.395180104731011, 20.0660609793172 ], [ 86.396331032965492, 20.068881042671855 ], [ 86.396675437134931, 20.069784226037534 ], [ 86.398352143545324, 20.073619100329932 ], [ 86.399468967583772, 20.075873942551407 ], [ 86.401511090409031, 20.079547276394067 ], [ 86.402842233100074, 20.081695782714078 ], [ 86.405232579443293, 20.085176577148101 ], [ 86.406766829838986, 20.087200615461029 ], [ 86.409485261945505, 20.090459493027225 ], [ 86.411209691073552, 20.092341979769802 ], [ 86.412369890529277, 20.093551211931775 ], [ 86.412518046844113, 20.093789144222367 ], [ 86.413322057102363, 20.094957655261474 ], [ 86.413597909599702, 20.094788258755035 ], [ 86.416121535186321, 20.0972999749115 ], [ 86.416549778604931, 20.096915969445256 ], [ 86.415485143226576, 20.095807163125514 ], [ 86.414428708899692, 20.094278073605974 ], [ 86.452815279464318, 20.0706972819866 ], [ 86.452025605043048, 20.06997243389571 ], [ 86.451249724243951, 20.066636950706538 ], [ 86.445809652940056, 20.061223674052638 ], [ 86.43955355384908, 20.057473554853281 ], [ 86.442055099145122, 20.056639646109137 ], [ 86.441221238869119, 20.053304235576292 ], [ 86.439531241497505, 20.049166210408625 ], [ 86.436227050770128, 20.044167541837638 ], [ 86.436227050770128, 20.040832121342309 ], [ 86.437078752344732, 20.039971537223828 ], [ 86.437943796389476, 20.038303883936045 ], [ 86.437890291331911, 20.034165804335437 ], [ 86.437056438890224, 20.033305201079468 ], [ 86.4370564392446, 20.029397175716483 ], [ 86.389560700538269, 20.034165207188131 ], [ 86.389853342651591, 20.036772419233785 ], [ 86.390097140300725, 20.038188925392873 ] ] ] } },
{ "type": "Feature", "properties": { "seg_id": "S044", "km_from_south": 220, "zone_km2": 24.8, "site_id": "" }, "geometry": { "type": "Polygon", "coordinates": [ [ [ 86.41639820318197, 20.099097924528287 ], [ 86.417980243858779, 20.101001057155365 ], [ 86.420764295041678, 20.104058579041052 ], [ 86.422519787746126, 20.105820813547133 ], [ 86.424017437683489, 20.107258474438257 ], [ 86.42674501030794, 20.109762359339907 ], [ 86.428815631407758, 20.111554492949036 ], [ 86.43136510602524, 20.113634291221278 ], [ 86.435822424705933, 20.116858995326872 ], [ 86.438612509112488, 20.118642165021782 ], [ 86.439609098862178, 20.119239556066908 ], [ 86.439711042065468, 20.119316584391211 ], [ 86.440303366884066, 20.120185278584501 ], [ 86.441837843921476, 20.122222708402379 ], [ 86.444362104501636, 20.125266593791729 ], [ 86.444562991325114, 20.12559815088175 ], [ 86.445498474077596, 20.126992161013959 ], [ 86.44576797243883, 20.126830819729083 ], [ 86.44628527453257, 20.127398556140701 ], [ 86.447762886465497, 20.128946502362982 ], [ 86.448545368330272, 20.129729135669223 ], [ 86.448974745939012, 20.129346171008972 ], [ 86.447878893149635, 20.128197468788475 ], [ 86.446610011074654, 20.12632670940318 ], [ 86.485698548819911, 20.102917136558194 ], [ 86.484559223661435, 20.101640899806448 ], [ 86.483778911255811, 20.099166101771594 ], [ 86.478753487228644, 20.094140694191193 ], [ 86.477888454758144, 20.091639182564119 ], [ 86.472501818795379, 20.086221385511045 ], [ 86.471663528215842, 20.086274865992682 ], [ 86.46833260185393, 20.08285918087137 ], [ 86.4625000523517, 20.079586187388177 ], [ 86.452815279464318, 20.0706972819866 ], [ 86.413322057102363, 20.094957655261481 ], [ 86.41391403711873, 20.095817998229126 ], [ 86.41639820318197, 20.099097924528287 ] ] ] } },
{ "type": "Feature", "properties": { "seg_id": "S045", "km_from_south": 225, "zone_km2": 23.3, "site_id": "" }, "geometry": { "type": "Polygon", "coordinates": [ [ [ 86.448423434329271, 20.131006874941423 ], [ 86.450001967787557, 20.132946863721227 ], [ 86.450022811292044, 20.132971316855819 ], [ 86.450588648506226, 20.134069798611478 ], [ 86.451903619521943, 20.136474830570528 ], [ 86.452984287378314, 20.13834205405152 ], [ 86.454336258263496, 20.140552636285896 ], [ 86.456770814944761, 20.144132626336543 ], [ 86.458337075084799, 20.146213264170608 ], [ 86.461117600120147, 20.149561034715301 ], [ 86.461142091149298, 20.149587821264877 ], [ 86.462633342480601, 20.152156884413387 ], [ 86.46276397195949, 20.15246659975622 ], [ 86.46406612355824, 20.155314012738661 ], [ 86.466520419517479, 20.159934659766243 ], [ 86.468004357689381, 20.162369816130713 ], [ 86.468516334237648, 20.162091611978511 ], [ 86.467898032023513, 20.161031695746523 ], [ 86.467486237762103, 20.160249164529819 ], [ 86.510264620119585, 20.14134527129649 ], [ 86.509583681313373, 20.139971403415458 ], [ 86.507028616725833, 20.136640405499591 ], [ 86.506248270476149, 20.13330503491262 ], [ 86.500442514583881, 20.123307657930315 ], [ 86.496277714275806, 20.119165233796881 ], [ 86.491247919332992, 20.109970527665382 ], [ 86.491279078029507, 20.109167871767198 ], [ 86.485698548819911, 20.102917136558194 ], [ 86.447449747106049, 20.125823970255251 ], [ 86.447396184072659, 20.125734795862165 ], [ 86.446892605271543, 20.124454088481027 ], [ 86.446334573004819, 20.12463662598071 ], [ 86.446751102412378, 20.12577262900513 ], [ 86.446909990922578, 20.126147116173073 ], [ 86.44549847407761, 20.126992161013987 ], [ 86.445949798827243, 20.127664692387235 ], [ 86.448423434329271, 20.131006874941423 ] ] ] } },
{ "type": "Feature", "properties": { "seg_id": "S046", "km_from_south": 230, "zone_km2": 28.2, "site_id": "" }, "geometry": { "type": "Polygon", "coordinates": [ [ [ 86.46988940662213, 20.166337947508378 ], [ 86.471202431416174, 20.168682192801779 ], [ 86.471914047437807, 20.169814879369454 ], [ 86.472417117707053, 20.171057146343429 ], [ 86.474034803301038, 20.174737890503025 ], [ 86.475502481198475, 20.177758320857762 ], [ 86.476657636194787, 20.179921831406229 ], [ 86.478176735347276, 20.182546903604351 ], [ 86.480108110915012, 20.185636573093387 ], [ 86.481807974279079, 20.18816094750624 ], [ 86.482380233060312, 20.188951666116786 ], [ 86.483492125907404, 20.190423865081737 ], [ 86.484863325816249, 20.192164585008413 ], [ 86.487269851578233, 20.194977105447133 ], [ 86.488784171084006, 20.196608705209211 ], [ 86.490074952160768, 20.197944517350006 ], [ 86.491846275543921, 20.199705482760049 ], [ 86.4938662823849, 20.201597627001732 ], [ 86.496359684250351, 20.203798158435617 ], [ 86.498751497414801, 20.205670309836798 ], [ 86.499624784581101, 20.206403062833278 ], [ 86.500400554936363, 20.206992277088979 ], [ 86.505504266380484, 20.211300482801679 ], [ 86.527985989181275, 20.187560978078437 ], [ 86.526693297114548, 20.186279159064529 ], [ 86.520860789404026, 20.184584710487087 ], [ 86.518751613754787, 20.182471071775392 ], [ 86.517890975340123, 20.179193631899206 ], [ 86.515830932709505, 20.177053271545915 ], [ 86.513944721007235, 20.177053203501842 ], [ 86.512361721952161, 20.175113557365385 ], [ 86.512388473157898, 20.171724580704186 ], [ 86.51372624638789, 20.170110403824133 ], [ 86.515808577341204, 20.169557490625547 ], [ 86.524169401175598, 20.173749021894398 ], [ 86.529556003224258, 20.179166837719603 ], [ 86.531669652734223, 20.182890186530791 ], [ 86.532167317948705, 20.183144582328005 ], [ 86.537399932459721, 20.177617298311631 ], [ 86.530809006646976, 20.172054602042028 ], [ 86.530028647932184, 20.172054626757745 ], [ 86.521226454002644, 20.163305870450614 ], [ 86.521226454002644, 20.162498708624163 ], [ 86.518751613754787, 20.159974895881938 ], [ 86.518751613754787, 20.158307214753851 ], [ 86.516218835294268, 20.154169133089777 ], [ 86.516218835294268, 20.152501468225296 ], [ 86.514577937369225, 20.15083371315124 ], [ 86.514577937369225, 20.149112508563618 ], [ 86.512887877754295, 20.147498331108313 ], [ 86.512887877754295, 20.146637733318006 ], [ 86.510264620119585, 20.14134527129649 ], [ 86.493565189810411, 20.148726597667405 ], [ 86.492802345604687, 20.143225613316634 ], [ 86.492342184758087, 20.142875941395353 ], [ 86.489579559869696, 20.14646549325003 ], [ 86.487204811851981, 20.150290357216083 ], [ 86.486428175463345, 20.151880531565407 ], [ 86.466931327916868, 20.160494281477526 ], [ 86.468845875192741, 20.164359119314337 ], [ 86.46988940662213, 20.166337947508378 ] ] ] } },
{ "type": "Feature", "properties": { "seg_id": "S047", "km_from_south": 235, "zone_km2": 24.1, "site_id": "" }, "geometry": { "type": "MultiPolygon", "coordinates": [ [ [ [ 86.508286723467904, 20.213541190080175 ], [ 86.510971976065321, 20.215548927892389 ], [ 86.515651000923711, 20.218637135997959 ], [ 86.515656938731453, 20.218640576256661 ], [ 86.515977143647646, 20.21888787328988 ], [ 86.51835684855692, 20.221276634066779 ], [ 86.518862227855891, 20.22183884060021 ], [ 86.520437862216596, 20.223506223322754 ], [ 86.52237990881774, 20.22546172383246 ], [ 86.525783502595814, 20.228565813618353 ], [ 86.52792077419258, 20.230330661995179 ], [ 86.531632705740918, 20.233102198662213 ], [ 86.533944303493072, 20.234659123469168 ], [ 86.534724617291374, 20.235131531556654 ], [ 86.535474987421935, 20.235886906858905 ], [ 86.537125677893215, 20.237468809997111 ], [ 86.539154758278556, 20.23932000284551 ], [ 86.542693177236046, 20.242244736494371 ], [ 86.543355766349038, 20.24274028442575 ], [ 86.572915344754733, 20.207523316980911 ], [ 86.565001430698416, 20.199558284837931 ], [ 86.562446364607325, 20.198751265602056 ], [ 86.559164486075062, 20.196222933768688 ], [ 86.55583347926148, 20.196222910093653 ], [ 86.55496847617529, 20.197083515066662 ], [ 86.553336406133553, 20.195415815812794 ], [ 86.550001002243008, 20.193721384230631 ], [ 86.544168533199738, 20.19372137712174 ], [ 86.543303403858033, 20.194582004059694 ], [ 86.535005054974661, 20.194555198657035 ], [ 86.533279393902518, 20.193752620618579 ], [ 86.530389852427135, 20.190805109950016 ], [ 86.530389852427135, 20.189944541698999 ], [ 86.527985989181289, 20.187560978078452 ], [ 86.505504266380541, 20.211300482801736 ], [ 86.506101968652857, 20.211804997365459 ], [ 86.508286723467904, 20.213541190080175 ] ] ], [ [ [ 86.532167317948719, 20.183144582328008 ], [ 86.536668318535291, 20.185445296553361 ], [ 86.540779580833217, 20.186252337498914 ], [ 86.542915481408158, 20.187527679889303 ], [ 86.542474008876184, 20.188722718986519 ], [ 86.539138645692773, 20.188722676106707 ], [ 86.537916827677918, 20.189971215222197 ], [ 86.537916827677918, 20.191638991059666 ], [ 86.53910743989303, 20.19288751445826 ], [ 86.543334607021734, 20.19291872849589 ], [ 86.545804987869815, 20.191193064760721 ], [ 86.548310991043437, 20.191193032254976 ], [ 86.550001002243008, 20.192053678962399 ], [ 86.552498089143214, 20.19375261985078 ], [ 86.554192579455346, 20.193752552700907 ], [ 86.554558229902653, 20.191665720269889 ], [ 86.548333331798304, 20.185418492460958 ], [ 86.547468197981644, 20.18541847347343 ], [ 86.544137253516439, 20.182056397649834 ], [ 86.541640208338904, 20.181195725525377 ], [ 86.537399932459721, 20.177617298311631 ], [ 86.532167317948719, 20.183144582328008 ] ] ] ] } },
{ "type": "Feature", "properties": { "seg_id": "S048", "km_from_south": 240, "zone_km2": 29.3, "site_id": "" }, "geometry": { "type": "Polygon", "coordinates": [ [ [ 86.548730727133815, 20.246481734429768 ], [ 86.551104073642477, 20.247923045359514 ], [ 86.555180013659083, 20.250138854222833 ], [ 86.557691884985502, 20.251353299681735 ], [ 86.558784775777198, 20.251850070425171 ], [ 86.562014925410452, 20.253623418309871 ], [ 86.563680589798196, 20.254430650535337 ], [ 86.566845150799494, 20.256949187222851 ], [ 86.569318662404484, 20.258711275072255 ], [ 86.573603173504779, 20.261433864539082 ], [ 86.574520221159119, 20.261951013206314 ], [ 86.576729295845269, 20.263517216191659 ], [ 86.581113700707647, 20.266282721014427 ], [ 86.583837263008419, 20.267802733965908 ], [ 86.588517609423278, 20.27009623921381 ], [ 86.591401931922107, 20.271324250757161 ], [ 86.596321386417074, 20.273117896132611 ], [ 86.598783711510436, 20.273871385012004 ], [ 86.613527571919747, 20.23095658513618 ], [ 86.610809750443806, 20.230415317842532 ], [ 86.605833409012078, 20.227886970849198 ], [ 86.601637427152085, 20.22455600915405 ], [ 86.596665472569441, 20.222085733040842 ], [ 86.592473946515582, 20.217943173625997 ], [ 86.588304695966158, 20.215388096152726 ], [ 86.584947010888214, 20.214527518361518 ], [ 86.581665082593915, 20.212057202732773 ], [ 86.575859358231497, 20.209582388091476 ], [ 86.573304235849861, 20.207914690172117 ], [ 86.572915344754733, 20.207523316980911 ], [ 86.543355766348938, 20.242740284425683 ], [ 86.544905071513952, 20.243898982108384 ], [ 86.548730727133815, 20.246481734429768 ] ] ] } },
{ "type": "Feature", "properties": { "seg_id": "S049", "km_from_south": 245, "zone_km2": 21.4, "site_id": "" }, "geometry": { "type": "Polygon", "coordinates": [ [ [ 86.592517514430995, 20.270512949642196 ], [ 86.592228546037717, 20.270999546581884 ], [ 86.599598312718982, 20.274896360143753 ], [ 86.601389128056397, 20.275796684689201 ], [ 86.603561423977425, 20.276833607615767 ], [ 86.607256326669273, 20.278415456032867 ], [ 86.609513928937616, 20.27927504467533 ], [ 86.611137699172133, 20.279818994950205 ], [ 86.612796657526005, 20.280508931672784 ], [ 86.61479939552035, 20.281290187244949 ], [ 86.614864199414285, 20.281318573537522 ], [ 86.617452574183375, 20.282350827253641 ], [ 86.619079243613541, 20.283231353888702 ], [ 86.621510023089257, 20.284474718753973 ], [ 86.625662394086191, 20.286360575129031 ], [ 86.628208682666894, 20.287377613364416 ], [ 86.628759597836094, 20.287580166597422 ], [ 86.629653285232692, 20.288016815235721 ], [ 86.631874847847655, 20.288991244850699 ], [ 86.635647529336197, 20.290464811851951 ], [ 86.637595510649376, 20.291135354153166 ], [ 86.637798130523521, 20.290611345724713 ], [ 86.629717354188116, 20.286854046848902 ], [ 86.656535507548469, 20.250423634835979 ], [ 86.654165592895396, 20.248719902661019 ], [ 86.650834678623326, 20.247890524205214 ], [ 86.648328637710179, 20.246222784219032 ], [ 86.646638600663081, 20.246222778047986 ], [ 86.640806136075057, 20.242887432680146 ], [ 86.637475164384426, 20.241224185666049 ], [ 86.635834202448052, 20.241277670704562 ], [ 86.633279179296153, 20.239556446018092 ], [ 86.631638231541871, 20.239529734721135 ], [ 86.629136675189045, 20.237862045383626 ], [ 86.627504665471875, 20.237861976301247 ], [ 86.614996875531801, 20.231249185026417 ], [ 86.613527571919747, 20.23095658513618 ], [ 86.599061698761886, 20.273062488560274 ], [ 86.594117260671794, 20.271309518023909 ], [ 86.592517514430995, 20.270512949642196 ] ] ] } },
{ "type": "Feature", "properties": { "seg_id": "S050", "km_from_south": 250, "zone_km2": 24.4, "site_id": "" }, "geometry": { "type": "Polygon", "coordinates": [ [ [ 86.633954558535521, 20.290365873773332 ], [ 86.636144678210385, 20.291547231530412 ], [ 86.639883045158783, 20.29336300299148 ], [ 86.642174637072003, 20.294358467769467 ], [ 86.644103628581306, 20.295148429794672 ], [ 86.644508206671233, 20.295304241029054 ], [ 86.645735286070703, 20.29581049020679 ], [ 86.647099720111981, 20.297473592054672 ], [ 86.650114100980375, 20.300801224812652 ], [ 86.652023183612499, 20.302712774438625 ], [ 86.655364941850081, 20.30574948560362 ], [ 86.657461261033873, 20.307477707361436 ], [ 86.661099027833174, 20.310194964657803 ], [ 86.663362902112908, 20.311723619766138 ], [ 86.667262518519451, 20.314095890032913 ], [ 86.669419291134616, 20.315272391302912 ], [ 86.684101485144282, 20.291314921347485 ], [ 86.68164254858938, 20.293752373057131 ], [ 86.678338388736364, 20.293752393162976 ], [ 86.675836821793936, 20.297859231844754 ], [ 86.67377673881218, 20.295000904917753 ], [ 86.67377673881218, 20.294135862396242 ], [ 86.676635013509184, 20.292084651292598 ], [ 86.679970404863013, 20.292084703810907 ], [ 86.68164254858938, 20.29121960941092 ], [ 86.686636744183858, 20.286247749580475 ], [ 86.687439006122844, 20.285867741399809 ], [ 86.693298171857805, 20.276303878649564 ], [ 86.690863978057763, 20.275389825485558 ], [ 86.681664905942554, 20.267916375880755 ], [ 86.67919009262917, 20.267916302959776 ], [ 86.677107637091709, 20.269972023139516 ], [ 86.677107637091709, 20.274110015006183 ], [ 86.677887982389208, 20.274975056586712 ], [ 86.677473300634119, 20.276250424610602 ], [ 86.676612730704932, 20.27625043301293 ], [ 86.674971766503873, 20.274582732789824 ], [ 86.672059988281717, 20.274168021814976 ], [ 86.672059988281717, 20.272500263749677 ], [ 86.676193581591235, 20.269111363097238 ], [ 86.676224777780362, 20.266667791776484 ], [ 86.675359729317321, 20.265000059708367 ], [ 86.676224777780362, 20.263332390354574 ], [ 86.679555740678381, 20.260804078937003 ], [ 86.679136539828733, 20.2596090588825 ], [ 86.672447897228707, 20.257919075291461 ], [ 86.667471549434424, 20.255386266884923 ], [ 86.665830587575641, 20.255386272716621 ], [ 86.663329075995492, 20.253723051063158 ], [ 86.660002548007427, 20.252915966830681 ], [ 86.656535507548469, 20.250423634835979 ], [ 86.636757371844837, 20.277292807285786 ], [ 86.635032459352502, 20.275756302233873 ], [ 86.634465531546084, 20.274263740967708 ], [ 86.633904301793024, 20.274438891061813 ], [ 86.634069498753661, 20.274910210713287 ], [ 86.634456873602446, 20.275931699281418 ], [ 86.634453561750277, 20.275932907376014 ], [ 86.634504264099917, 20.276056664748381 ], [ 86.634851207709374, 20.276971524685344 ], [ 86.635615778308008, 20.278843337485863 ], [ 86.629247381087637, 20.28749227718383 ], [ 86.63039957129007, 20.288247587727945 ], [ 86.633954558535521, 20.290365873773332 ] ] ] } },
{ "type": "Feature", "properties": { "seg_id": "S051", "km_from_south": 255, "zone_km2": 21.0, "site_id": "" }, "geometry": { "type": "MultiPolygon", "coordinates": [ [ [ [ 86.673797524819364, 20.317415603494439 ], [ 86.676331346329192, 20.318504039943978 ], [ 86.676601395525822, 20.318612667460126 ], [ 86.678066373337145, 20.319599699935132 ], [ 86.681698973431736, 20.321820322204587 ], [ 86.683940180864624, 20.323058389028166 ], [ 86.685832605090653, 20.324050262637986 ], [ 86.686542585485995, 20.324402807545987 ], [ 86.688567643115604, 20.325351448341248 ], [ 86.691024866527783, 20.326435062704125 ], [ 86.695206102852509, 20.328056684850257 ], [ 86.697760767172667, 20.328916846309681 ], [ 86.698401185440872, 20.329100826474797 ], [ 86.701785372092232, 20.330631520226422 ], [ 86.704368261217596, 20.331656800864149 ], [ 86.70437982892922, 20.331661082477883 ], [ 86.706387306587956, 20.332675605880819 ], [ 86.7066183716056, 20.33279161205143 ], [ 86.706896051260685, 20.332930103396773 ], [ 86.707127785666216, 20.333044916133673 ], [ 86.707534063253334, 20.33324487102275 ], [ 86.710525179822824, 20.335036238639301 ], [ 86.711894112277079, 20.335780681077175 ], [ 86.729245288542089, 20.307387571611052 ], [ 86.728302601190904, 20.307085092678602 ], [ 86.725832289115729, 20.304556798355318 ], [ 86.724976098057383, 20.304556744692885 ], [ 86.721640694302195, 20.302081937436327 ], [ 86.719192693519432, 20.302081958804347 ], [ 86.718345445487884, 20.302487796654365 ], [ 86.717498182805571, 20.302889090152991 ], [ 86.715772519223592, 20.301221325437588 ], [ 86.697503570167115, 20.301221348825766 ], [ 86.689553035986506, 20.306108545660692 ], [ 86.688005686011977, 20.305109662561488 ], [ 86.689584223694027, 20.303334992418048 ], [ 86.689165108412269, 20.301221377627272 ], [ 86.685807371191729, 20.301279344343833 ], [ 86.684942337756695, 20.302081977207912 ], [ 86.683747245191384, 20.300806713261068 ], [ 86.683693774183695, 20.294942995943227 ], [ 86.685388223678302, 20.292499352676639 ], [ 86.684197674660211, 20.291219569996183 ], [ 86.684101485144609, 20.291314921347155 ], [ 86.681756782560086, 20.295141447425543 ], [ 86.68089047319026, 20.293752383114686 ], [ 86.678338388736364, 20.293752393162976 ], [ 86.675836821793936, 20.297859231844754 ], [ 86.67377673881218, 20.295000904917753 ], [ 86.67377673881218, 20.294135862396242 ], [ 86.676635013509184, 20.292084651292598 ], [ 86.67985042497402, 20.292084703023345 ], [ 86.669351750206431, 20.275248125065705 ], [ 86.668780276987164, 20.275105466038454 ], [ 86.668774700364992, 20.275125356396153 ], [ 86.667797239101944, 20.279462254215016 ], [ 86.66727495059888, 20.283868667080359 ], [ 86.667212902830258, 20.28830216336819 ], [ 86.667611732487785, 20.29272004711175 ], [ 86.668467637344833, 20.297079769143359 ], [ 86.669772411384372, 20.301339336959419 ], [ 86.6715135224091, 20.305457719358007 ], [ 86.673365916067212, 20.308833403618099 ], [ 86.669419291134872, 20.315272391303051 ], [ 86.669672686795153, 20.315410613595038 ], [ 86.673797524819364, 20.317415603494439 ] ] ], [ [ [ 86.735739499250414, 20.296757410403 ], [ 86.734170810045185, 20.296249461968991 ], [ 86.732529851654206, 20.294586250687551 ], [ 86.72914092691785, 20.292918509147711 ], [ 86.724137777784804, 20.290390189327713 ], [ 86.722505771696959, 20.290363430593843 ], [ 86.716668793955094, 20.287028055931792 ], [ 86.712472806349737, 20.286220940614861 ], [ 86.704138731570879, 20.282082903459706 ], [ 86.70252902168518, 20.280415176187532 ], [ 86.697525920300038, 20.277891315898088 ], [ 86.693298171857805, 20.276303878649564 ], [ 86.687439006122958, 20.285867741399752 ], [ 86.688331245797883, 20.285445106829904 ], [ 86.695809154681172, 20.285387102292777 ], [ 86.70163717313109, 20.287861879845799 ], [ 86.704138731570879, 20.287888684262974 ], [ 86.707474174743098, 20.290417010738295 ], [ 86.709199823334771, 20.290416970528181 ], [ 86.711670129523498, 20.2920846927768 ], [ 86.715027863222218, 20.292887278645363 ], [ 86.718305293736066, 20.2945550119668 ], [ 86.724137777784804, 20.293752331360533 ], [ 86.725832289115729, 20.294554978803092 ], [ 86.72833384101726, 20.297890415028863 ], [ 86.729974786573223, 20.297029787414274 ], [ 86.730835418614106, 20.299553688701142 ], [ 86.732529851654206, 20.298777741896874 ], [ 86.733811866788258, 20.299912868925521 ], [ 86.735739499250414, 20.296757410403 ] ] ] ] } },
{ "type": "Feature", "properties": { "seg_id": "S052", "km_from_south": 260, "zone_km2": 18.1, "site_id": "" }, "geometry": { "type": "MultiPolygon", "coordinates": [ [ [ [ 86.705672495798396, 20.330775901272226 ], [ 86.705278348498197, 20.331191726387193 ], [ 86.706030530581614, 20.331826076990019 ], [ 86.707527383374583, 20.333037056881494 ], [ 86.709354582650334, 20.334454730615981 ], [ 86.712500513870879, 20.336697239518539 ], [ 86.714445231433075, 20.337968293612661 ], [ 86.714561109551198, 20.338040745409344 ], [ 86.715650181044452, 20.338816667937063 ], [ 86.717788242578862, 20.340268533011781 ], [ 86.721465601831838, 20.342531660869767 ], [ 86.723735731454653, 20.343792692359944 ], [ 86.725653079562974, 20.344802618845421 ], [ 86.727637911105859, 20.345792459033355 ], [ 86.729172989380857, 20.346889762724235 ], [ 86.731331983171046, 20.348291569257814 ], [ 86.73315942637656, 20.349421014351627 ], [ 86.736131229201803, 20.351167612405867 ], [ 86.737864097301369, 20.352638155112508 ], [ 86.739679460681259, 20.354056046369291 ], [ 86.742805331271015, 20.356300169170119 ], [ 86.744737856995613, 20.357572958447854 ], [ 86.746371385072393, 20.358602449963932 ], [ 86.747070332806501, 20.359023644330172 ], [ 86.747388795976036, 20.358553612742178 ], [ 86.746163818345451, 20.357781469774235 ], [ 86.740303541718589, 20.353193126613025 ], [ 86.740251691814592, 20.353143105960729 ], [ 86.767978087477005, 20.328612593789163 ], [ 86.764947475610867, 20.32705295906797 ], [ 86.763337770421572, 20.325389659259177 ], [ 86.760831718842667, 20.324582587617165 ], [ 86.754134195795146, 20.319583971448065 ], [ 86.750807684303581, 20.318750092899052 ], [ 86.750000572198161, 20.317889485237185 ], [ 86.747499053783528, 20.31708242596028 ], [ 86.743329802168262, 20.313751447159444 ], [ 86.739976541220045, 20.312083750357953 ], [ 86.738335624048204, 20.312083731680783 ], [ 86.737501753356881, 20.311223133349987 ], [ 86.734139573943906, 20.310362529036006 ], [ 86.732088385236693, 20.312471724524624 ], [ 86.732088385236693, 20.313278805172409 ], [ 86.735419316804737, 20.316667725844106 ], [ 86.734968973928105, 20.317082380134345 ], [ 86.731638011707616, 20.315414660747287 ], [ 86.72914092691785, 20.315414701775659 ], [ 86.727941461210804, 20.313278754580786 ], [ 86.730001496864958, 20.311223165376504 ], [ 86.730857676800241, 20.311223107651404 ], [ 86.732088385236693, 20.309140720529776 ], [ 86.730804180384084, 20.307887757629125 ], [ 86.72924528854206, 20.307387571611045 ], [ 86.712219187741638, 20.335248847540353 ], [ 86.707837217184178, 20.332475701461767 ], [ 86.705672495798396, 20.330775901272226 ] ] ], [ [ [ 86.774735203198347, 20.322632474628087 ], [ 86.773361840750439, 20.321251695766477 ], [ 86.769165806504347, 20.318723316787164 ], [ 86.765830424726602, 20.315387976627182 ], [ 86.75585988785393, 20.309528718063902 ], [ 86.754165419126863, 20.307914500611535 ], [ 86.744141321374244, 20.302915842276171 ], [ 86.742500390456271, 20.301252600595177 ], [ 86.741639810100168, 20.30125254920992 ], [ 86.736663417344886, 20.297056571016988 ], [ 86.735739499250414, 20.296757410403 ], [ 86.733811866788258, 20.29991286892551 ], [ 86.739998871986515, 20.305390628261932 ], [ 86.740837150841571, 20.305390640187248 ], [ 86.742469159672922, 20.307058373962874 ], [ 86.745835830726875, 20.308775100075124 ], [ 86.749166746950408, 20.310389238870854 ], [ 86.750807684303581, 20.310389245135919 ], [ 86.752943628367873, 20.312444935282421 ], [ 86.752912404255426, 20.314166139600673 ], [ 86.754134195795146, 20.315387951139112 ], [ 86.757500830595632, 20.315387977816638 ], [ 86.767524872247847, 20.323722031390851 ], [ 86.770987909117068, 20.325948959788519 ], [ 86.774735203198347, 20.322632474628087 ] ] ] ] } },
{ "type": "Feature", "properties": { "seg_id": "S053", "km_from_south": 265, "zone_km2": 14.5, "site_id": "" }, "geometry": { "type": "MultiPolygon", "coordinates": [ [ [ [ 86.741836752280861, 20.355526533047939 ], [ 86.743680028103455, 20.357221153400552 ], [ 86.746883259441674, 20.359912907641416 ], [ 86.748880005128527, 20.36144514952051 ], [ 86.750232363793515, 20.362391210629077 ], [ 86.7561919480749, 20.368348019440685 ], [ 86.757513433591527, 20.370162642222827 ], [ 86.757516764253964, 20.370169013931331 ], [ 86.758778159445285, 20.372296892176944 ], [ 86.75929936484323, 20.373586774818321 ], [ 86.759500063616343, 20.373514659635735 ], [ 86.759935277295781, 20.374248803300123 ], [ 86.761375960125946, 20.376408513725668 ], [ 86.761876656885093, 20.376111511831652 ], [ 86.760942127335085, 20.374481647625434 ], [ 86.762090197020612, 20.375811385935407 ], [ 86.762406808258206, 20.37615839547464 ], [ 86.762855206691725, 20.375794601133421 ], [ 86.760990158001789, 20.372979228816739 ], [ 86.768820978347406, 20.370165134020844 ], [ 86.768724364107612, 20.369971768178797 ], [ 86.769143489064135, 20.369583856264203 ], [ 86.769485143378645, 20.369926437753733 ], [ 86.78113508203694, 20.365738998111592 ], [ 86.780420624992274, 20.36499992054091 ], [ 86.780420624992274, 20.362471572806623 ], [ 86.779586705720916, 20.361664459138684 ], [ 86.778726165211467, 20.355805190830583 ], [ 86.777883322257722, 20.354998098059333 ], [ 86.777883322257722, 20.35166717943958 ], [ 86.774583657474921, 20.349138845240407 ], [ 86.774583657474921, 20.348278223097289 ], [ 86.777031646556182, 20.346695282054696 ], [ 86.777053960388557, 20.33744265120718 ], [ 86.776251346121583, 20.335832912068931 ], [ 86.772501190418112, 20.332056026740833 ], [ 86.771636153669817, 20.332056021687315 ], [ 86.768300787324677, 20.328778658916388 ], [ 86.767978087477005, 20.328612593789163 ], [ 86.739798944377128, 20.353543565421532 ], [ 86.740334260968268, 20.354081885287428 ], [ 86.741836752280861, 20.355526533047939 ] ] ], [ [ [ 86.804067035627639, 20.357493418295569 ], [ 86.802024940692789, 20.352443106872592 ], [ 86.800392929791258, 20.350833374304887 ], [ 86.798751973285036, 20.346668529640819 ], [ 86.796196922284338, 20.344140182321762 ], [ 86.794555901035054, 20.340858313665603 ], [ 86.781606688804757, 20.32791804580966 ], [ 86.7783337297749, 20.326250266681747 ], [ 86.774735203198347, 20.322632474628087 ], [ 86.770987909117054, 20.325948959788519 ], [ 86.776643721632695, 20.3295856825724 ], [ 86.779555498645323, 20.332470786603537 ], [ 86.779555498645323, 20.333304609721139 ], [ 86.783301201831463, 20.337054685613822 ], [ 86.785026859557078, 20.337054683068143 ], [ 86.786667818438588, 20.339583033004637 ], [ 86.78830872207476, 20.339525062370431 ], [ 86.788718939351327, 20.343306395820147 ], [ 86.796196922284338, 20.350833298787688 ], [ 86.798751973285036, 20.356639078675492 ], [ 86.79958134919994, 20.358306759064426 ], [ 86.79958134924189, 20.359106631656523 ], [ 86.804067035627639, 20.357493418295569 ] ] ] ] } },
{ "type": "Feature", "properties": { "seg_id": "S054", "km_from_south": 270, "zone_km2": 12.1, "site_id": "" }, "geometry": { "type": "MultiPolygon", "coordinates": [ [ [ [ 86.744062282528034, 20.36663597932715 ], [ 86.782005401607478, 20.39302442541176 ], [ 86.783720354897298, 20.390831474723004 ], [ 86.784585407348644, 20.385832812196636 ], [ 86.78166910031058, 20.382029177600266 ], [ 86.7783337297749, 20.381222129367636 ], [ 86.774971598781207, 20.379554421362609 ], [ 86.772055330307097, 20.376638128726032 ], [ 86.768820978347406, 20.370165134020855 ], [ 86.760151369642557, 20.373280629968789 ], [ 86.758136931351046, 20.362951825595793 ], [ 86.758126359308534, 20.362508467653335 ], [ 86.758141783631146, 20.36192277176059 ], [ 86.777052812513546, 20.337918713482114 ], [ 86.777053960388557, 20.33744265120718 ], [ 86.776251346121583, 20.335832912068931 ], [ 86.772501190418112, 20.332056026740833 ], [ 86.771636153669817, 20.332056021687315 ], [ 86.770197488218827, 20.33064240001714 ], [ 86.766598840623615, 20.333127875226189 ], [ 86.76444030367901, 20.334775449458515 ], [ 86.760987472888985, 20.337682069194894 ], [ 86.759007449278357, 20.339518370255018 ], [ 86.755867906506083, 20.342725615296551 ], [ 86.754084877858133, 20.344733518748729 ], [ 86.751287933435364, 20.348211478558675 ], [ 86.749718549436466, 20.350372257957911 ], [ 86.747290327095286, 20.354088494190734 ], [ 86.745949249860701, 20.356381995275868 ], [ 86.745278216447119, 20.357598154280335 ], [ 86.744976282150844, 20.358110236962133 ], [ 86.742885473580628, 20.362108749377775 ], [ 86.741757977249506, 20.364563293430866 ], [ 86.740095053475201, 20.368736636390775 ], [ 86.739229478056146, 20.371284007701306 ], [ 86.738010678229571, 20.375591566315812 ], [ 86.73741548262322, 20.378206972368538 ], [ 86.736976523697237, 20.380398020263193 ], [ 86.736540161731767, 20.382915070664446 ], [ 86.737123959182952, 20.383005058760073 ], [ 86.737426972111663, 20.381484283745436 ], [ 86.744062282528034, 20.36663597932715 ] ] ], [ [ [ 86.79958134924189, 20.35910663165653 ], [ 86.79958134919994, 20.36083512961677 ], [ 86.801222277755215, 20.360835085791276 ], [ 86.801668177696172, 20.358779488243851 ], [ 86.802947990542592, 20.359970017640578 ], [ 86.80371935678707, 20.364166021409826 ], [ 86.805418312012492, 20.364166000364747 ], [ 86.805418312012492, 20.360835071271485 ], [ 86.804067035627639, 20.357493418295569 ], [ 86.79958134924189, 20.35910663165653 ] ] ], [ [ [ 86.769485143378645, 20.36992643775374 ], [ 86.770775549588365, 20.371220326187583 ], [ 86.774137739709516, 20.372919220910635 ], [ 86.777473090477429, 20.372919245413673 ], [ 86.780830831979088, 20.374582531138088 ], [ 86.785026859557078, 20.378724967557869 ], [ 86.787889608463573, 20.378305879077146 ], [ 86.787889608463573, 20.376638136912529 ], [ 86.786248614051004, 20.373333983363711 ], [ 86.782913250108535, 20.370003033566373 ], [ 86.781196488344847, 20.365802520045246 ], [ 86.78113508203694, 20.365738998111599 ], [ 86.769485143378645, 20.36992643775374 ] ] ], [ [ [ 86.783465960934265, 20.329776224979341 ], [ 86.781606688804757, 20.32791804580966 ], [ 86.7783337297749, 20.326250266681747 ], [ 86.77818540109935, 20.326101148681175 ], [ 86.776629770305675, 20.326878387683745 ], [ 86.774385943655417, 20.328133959516464 ], [ 86.776643721632695, 20.3295856825724 ], [ 86.779555498645323, 20.332470786603537 ], [ 86.779555498645323, 20.333304609721139 ], [ 86.780188165557121, 20.33393803352055 ], [ 86.783465960934265, 20.329776224979341 ] ] ] ] } },
{ "type": "Feature", "properties": { "seg_id": "S055", "km_from_south": 275, "zone_km2": 22.5, "site_id": "" }, "geometry": { "type": "MultiPolygon", "coordinates": [ [ [ [ 86.744365120765011, 20.366052107276193 ], [ 86.755759876898622, 20.356677455685077 ], [ 86.757993376500423, 20.355497463994897 ], [ 86.776790316407812, 20.350829690955187 ], [ 86.77600288461224, 20.350226331145862 ], [ 86.773130943744448, 20.350219235165039 ], [ 86.770976747299571, 20.35025958049679 ], [ 86.768394170605575, 20.350362749189195 ], [ 86.764102414297227, 20.350716977341715 ], [ 86.761540085923855, 20.351038452961816 ], [ 86.757299373839899, 20.351754727813823 ], [ 86.754777988560363, 20.352291913650042 ], [ 86.750622571983513, 20.3533644496157 ], [ 86.7481624951931, 20.354113006666854 ], [ 86.744125939212168, 20.355533140544512 ], [ 86.743502909342737, 20.355782965289031 ], [ 86.741018862472842, 20.356477142677743 ], [ 86.736550055595117, 20.35795612260819 ], [ 86.733918514160251, 20.358967362272885 ], [ 86.729626225748859, 20.360855066461667 ], [ 86.727113311270784, 20.362106305998239 ], [ 86.723039446845291, 20.36438430868207 ], [ 86.720669695236225, 20.365863334520171 ], [ 86.716854036071197, 20.368509399072359 ], [ 86.714650590766666, 20.370201773310473 ], [ 86.711130406350762, 20.373190068562387 ], [ 86.709114792743009, 20.375079269438913 ], [ 86.705924477339565, 20.378380621033823 ], [ 86.704116392744879, 20.38044820371805 ], [ 86.701287129572563, 20.384030378083438 ], [ 86.700312790941084, 20.385400460636276 ], [ 86.717006583252598, 20.395954335079551 ], [ 86.719999776536525, 20.393778923272507 ], [ 86.725778787208156, 20.393720924899409 ], [ 86.726639339493161, 20.394528083932983 ], [ 86.72914092691785, 20.39452803541684 ], [ 86.730001496864958, 20.39372096092314 ], [ 86.732057147806302, 20.395861333404046 ], [ 86.733747163926438, 20.400859944386976 ], [ 86.735807262227652, 20.402915668121263 ], [ 86.739998871986515, 20.402915637432496 ], [ 86.743307472922581, 20.400418557530823 ], [ 86.746633957741821, 20.400418528555143 ], [ 86.747084346682243, 20.397471083847584 ], [ 86.74208126707768, 20.39414011304676 ], [ 86.73955739621384, 20.388276435313507 ], [ 86.73955739621384, 20.386639878587417 ], [ 86.738745800946418, 20.385832790611218 ], [ 86.739133796732972, 20.382889805137022 ], [ 86.742888356460767, 20.391611772192803 ], [ 86.745804602073704, 20.394554813590961 ], [ 86.748306130469402, 20.3954154126852 ], [ 86.750000572198161, 20.397083163262195 ], [ 86.751641558277427, 20.397083084810525 ], [ 86.752083001670769, 20.395834610921678 ], [ 86.751222359817248, 20.394166906153494 ], [ 86.752502192748693, 20.393694197700388 ], [ 86.756635758165501, 20.39789025082251 ], [ 86.759195260346416, 20.398692849846547 ], [ 86.760412599231316, 20.397497834117964 ], [ 86.760412599231316, 20.396637173413598 ], [ 86.7586958127862, 20.394974002887064 ], [ 86.757919975193289, 20.39163852521915 ], [ 86.755806342068439, 20.389582898621097 ], [ 86.753304813947906, 20.388722327840636 ], [ 86.745835830726875, 20.381248847560624 ], [ 86.74461398520458, 20.380776232621248 ], [ 86.744970705255156, 20.377057288401797 ], [ 86.746246021454567, 20.379166436937801 ], [ 86.752524441076574, 20.385391322457359 ], [ 86.755806342068439, 20.387054616221874 ], [ 86.760831718842667, 20.392111255913022 ], [ 86.764189455044203, 20.393720985621663 ], [ 86.765830424726602, 20.393720950980377 ], [ 86.768332001600186, 20.395388634268151 ], [ 86.77913638645191, 20.39541540302049 ], [ 86.780808519874711, 20.394554858495908 ], [ 86.782005401607478, 20.39302442541176 ], [ 86.743947748447198, 20.366556297826246 ], [ 86.744365120765011, 20.366052107276193 ] ] ], [ [ [ 86.72961358237815, 20.40392251751474 ], [ 86.729613582173883, 20.399165505385469 ], [ 86.725832289115729, 20.396249262447984 ], [ 86.720864806141705, 20.396249254740773 ], [ 86.719884699975182, 20.397773584626993 ], [ 86.72961358237815, 20.40392251751474 ] ] ] ] } },
{ "type": "Feature", "properties": { "seg_id": "S056", "km_from_south": 280, "zone_km2": 34.7, "site_id": "" }, "geometry": { "type": "Polygon", "coordinates": [ [ [ 86.685482691614581, 20.455202051127451 ], [ 86.686202908403601, 20.45950573577483 ], [ 86.686766662468074, 20.462065303220573 ], [ 86.687923455324992, 20.466283583890139 ], [ 86.688321199164122, 20.467490414282128 ], [ 86.73312497119916, 20.454368815109241 ], [ 86.732917819983712, 20.454168563628027 ], [ 86.732864249069976, 20.447502224022845 ], [ 86.731245658384381, 20.444166794327415 ], [ 86.731245658384381, 20.434998863396878 ], [ 86.732886583082674, 20.43166789780209 ], [ 86.733778400278169, 20.427471891817113 ], [ 86.735419316804737, 20.424997135846233 ], [ 86.735419316804737, 20.415833635899222 ], [ 86.73372045567865, 20.411637673393599 ], [ 86.732088385236693, 20.409974354042479 ], [ 86.729613582173883, 20.404971280010969 ], [ 86.72961358237815, 20.403922517514737 ], [ 86.719884699975182, 20.397773584626986 ], [ 86.71791736316564, 20.40083321569151 ], [ 86.709137396043744, 20.409581951596852 ], [ 86.7079156326554, 20.409140562379328 ], [ 86.709587746121812, 20.405805165447376 ], [ 86.712080376266286, 20.403276785363211 ], [ 86.712080376266286, 20.401667112015186 ], [ 86.713721328904114, 20.398304947532111 ], [ 86.715803767042274, 20.396222562640911 ], [ 86.716637623462617, 20.39622248211592 ], [ 86.717006583252612, 20.395954335079544 ], [ 86.700312790941098, 20.385400460636255 ], [ 86.69970425077193, 20.38625615424073 ], [ 86.697263707075493, 20.39008417244748 ], [ 86.695921517307013, 20.392446406850574 ], [ 86.693893573304464, 20.396482885334951 ], [ 86.692805210408054, 20.398958507625895 ], [ 86.691209724786333, 20.403164022489939 ], [ 86.69038585200434, 20.405728852048938 ], [ 86.689238466299415, 20.410062323417062 ], [ 86.688687167026629, 20.412691305163506 ], [ 86.688502420704808, 20.413877947796479 ], [ 86.688080840983929, 20.414993366899672 ], [ 86.687358967312861, 20.417195097987676 ], [ 86.68679877197863, 20.419041929278226 ], [ 86.686182797724669, 20.421249051231236 ], [ 86.685603869414066, 20.423570774946882 ], [ 86.684987596609332, 20.426372178789045 ], [ 86.684223229804928, 20.431085768280209 ], [ 86.683923550732644, 20.433932792560093 ], [ 86.683690399985153, 20.438696063741219 ], [ 86.683710698770298, 20.44155700151499 ], [ 86.684011439242497, 20.446316902630489 ], [ 86.684351537003622, 20.449159887406328 ], [ 86.6851828971419, 20.453863396559647 ], [ 86.685468580600258, 20.45507961131981 ], [ 86.685482691614581, 20.455202051127451 ] ] ] } },
{ "type": "Feature", "properties": { "seg_id": "S057", "km_from_south": 285, "zone_km2": 26.3, "site_id": "" }, "geometry": { "type": "Polygon", "coordinates": [ [ [ 86.690328910086919, 20.472873700793308 ], [ 86.691403114994316, 20.475283868935868 ], [ 86.693396980365463, 20.479214776545774 ], [ 86.69471263636396, 20.481516208210174 ], [ 86.697099199438526, 20.485247810695292 ], [ 86.69864409217567, 20.487419090431889 ], [ 86.701401188499744, 20.490916662153698 ], [ 86.703160965768163, 20.492937583237367 ], [ 86.706262974504256, 20.496168572682837 ], [ 86.707052078607077, 20.496914749456 ], [ 86.707404342476934, 20.498157115368773 ], [ 86.708801733946331, 20.502281568007277 ], [ 86.709765087408712, 20.504715539541969 ], [ 86.711575198353515, 20.508695002432948 ], [ 86.712781489007853, 20.511030899120136 ], [ 86.714987738862973, 20.514828810053913 ], [ 86.715946866608434, 20.516306923907624 ], [ 86.756001209216407, 20.493229939575244 ], [ 86.755387179335813, 20.490804498314688 ], [ 86.753755141422403, 20.488334142124248 ], [ 86.752912404255426, 20.483335485392459 ], [ 86.750419781137737, 20.477471769293576 ], [ 86.75035732966785, 20.475804092356377 ], [ 86.747949434754148, 20.470805433383884 ], [ 86.745804602073704, 20.468749819576669 ], [ 86.744163650239187, 20.468749757842048 ], [ 86.742888356460767, 20.469944865715021 ], [ 86.742857125925184, 20.474136363801048 ], [ 86.738304390605592, 20.479585426780549 ], [ 86.732445119882868, 20.480388095655979 ], [ 86.731664797842868, 20.481221861721 ], [ 86.730028283895791, 20.481221916289712 ], [ 86.729163185874455, 20.480419278666446 ], [ 86.721663033434979, 20.480419293645834 ], [ 86.720833638318609, 20.479554176897363 ], [ 86.717475918546953, 20.479554204061881 ], [ 86.715834938065129, 20.478751544110029 ], [ 86.715834938065129, 20.477944505295685 ], [ 86.728302601190904, 20.477886481292082 ], [ 86.729163185874455, 20.478693575031617 ], [ 86.735031368306096, 20.478720387863646 ], [ 86.737894133265087, 20.476669126021175 ], [ 86.737894133265087, 20.474194398451406 ], [ 86.735388158245641, 20.469998381917371 ], [ 86.735834046081038, 20.46872300082007 ], [ 86.736663417344886, 20.469583679719683 ], [ 86.737894133265087, 20.469137713877256 ], [ 86.737051352903904, 20.465806808258034 ], [ 86.735419316804737, 20.463331957607309 ], [ 86.735419316804737, 20.461664305179713 ], [ 86.73372045567865, 20.458333319142856 ], [ 86.73372045567865, 20.454944461103796 ], [ 86.73312497119916, 20.454368815109238 ], [ 86.688321199164136, 20.46749041428215 ], [ 86.688746245464657, 20.468780063994753 ], [ 86.690328910086919, 20.472873700793308 ] ] ] } },
{ "type": "Feature", "properties": { "seg_id": "S058", "km_from_south": 290, "zone_km2": 23.9, "site_id": "" }, "geometry": { "type": "MultiPolygon", "coordinates": [ [ [ [ 86.719008073533487, 20.520626629560137 ], [ 86.720664938927669, 20.52270308377291 ], [ 86.723599323432282, 20.52603518066018 ], [ 86.725459676832401, 20.527952646642213 ], [ 86.72871934982652, 20.531004754804773 ], [ 86.73076611152878, 20.532745608348943 ], [ 86.731245658411055, 20.533115772190953 ], [ 86.731245658384381, 20.532474821707321 ], [ 86.735419316804737, 20.528305540531228 ], [ 86.735419316804737, 20.526695808681254 ], [ 86.737051352903904, 20.523306931773895 ], [ 86.739133796732972, 20.521251210486241 ], [ 86.739998871986515, 20.521251224380368 ], [ 86.743329802168262, 20.518722930468865 ], [ 86.752502192748693, 20.516221361204106 ], [ 86.754999235805883, 20.513751033073742 ], [ 86.7586958127862, 20.51163744350745 ], [ 86.760412599231316, 20.508306476788771 ], [ 86.760359058436237, 20.506638811565548 ], [ 86.762084760708333, 20.504168397176077 ], [ 86.762084760708333, 20.502500732343194 ], [ 86.757081682401534, 20.497497661777825 ], [ 86.756001209216407, 20.49322993957524 ], [ 86.715946866608405, 20.516306923907599 ], [ 86.716425911835174, 20.517045168994045 ], [ 86.719008073533487, 20.520626629560137 ] ] ], [ [ [ 86.732871679124457, 20.534370879929824 ], [ 86.734389324624701, 20.537610213571238 ], [ 86.73558295762416, 20.539867368455923 ], [ 86.737756027467029, 20.543538040037234 ], [ 86.739167260109284, 20.545680921007726 ], [ 86.739397921749656, 20.546013626489476 ], [ 86.739445952149154, 20.546094149159806 ], [ 86.740742639871442, 20.548159571240454 ], [ 86.743063496856081, 20.551508450528974 ], [ 86.744549111184426, 20.553457743073071 ], [ 86.747175453748739, 20.556600133132054 ], [ 86.748243553240869, 20.557767776155607 ], [ 86.784547702792466, 20.528298629823833 ], [ 86.782083820437421, 20.525835224414507 ], [ 86.780442860599621, 20.522499811311015 ], [ 86.778726165211467, 20.5208320778546 ], [ 86.775390746762895, 20.513305117861268 ], [ 86.775390746762895, 20.511637421457568 ], [ 86.772055330307097, 20.507445869913678 ], [ 86.772055330307097, 20.505804887787857 ], [ 86.769143489064135, 20.502861906663597 ], [ 86.766691039311596, 20.502915462765063 ], [ 86.76542016830237, 20.504168426044146 ], [ 86.762918595616483, 20.509167088095889 ], [ 86.75955202739334, 20.513305138918518 ], [ 86.75955202739334, 20.515026310489105 ], [ 86.757919975193289, 20.516609346149359 ], [ 86.757059359437477, 20.519137596593893 ], [ 86.754972462448848, 20.521193294176587 ], [ 86.754134195795146, 20.521193309202374 ], [ 86.749969422927734, 20.524582222496239 ], [ 86.746633957741821, 20.526249892734619 ], [ 86.741693294670625, 20.527083756576541 ], [ 86.740837150841571, 20.527890826952977 ], [ 86.739976541220045, 20.527890896570714 ], [ 86.734193066714511, 20.533750128971295 ], [ 86.732476357065636, 20.533750093568038 ], [ 86.732300853923746, 20.533930270215308 ], [ 86.732871679124457, 20.534370879929824 ] ] ] ] } },
{ "type": "Feature", "properties": { "seg_id": "S059", "km_from_south": 295, "zone_km2": 26.2, "site_id": "" }, "geometry": { "type": "Polygon", "coordinates": [ [ [ 86.750259763059077, 20.559903999408469 ], [ 86.758172621086175, 20.567816263093054 ], [ 86.759849565958405, 20.569411594760602 ], [ 86.761911188025294, 20.571277721068537 ], [ 86.765507133675186, 20.57422329972168 ], [ 86.766452552873204, 20.574923146552159 ], [ 86.76808751286184, 20.576382714767643 ], [ 86.769956023383074, 20.577965319032455 ], [ 86.772249548220927, 20.579807828993236 ], [ 86.776237719920175, 20.58268589557753 ], [ 86.778723432598696, 20.584292322450466 ], [ 86.783009594936317, 20.586761656502553 ], [ 86.785660215843592, 20.588114360686909 ], [ 86.789472452501812, 20.589822977955802 ], [ 86.789858319017455, 20.590100743312711 ], [ 86.790521877589796, 20.590544966395022 ], [ 86.790679932177994, 20.590335620693718 ], [ 86.791752518329616, 20.590752938586377 ], [ 86.791952436893993, 20.590852106597534 ], [ 86.79196226198556, 20.590834543838444 ], [ 86.792708603342774, 20.591124921131062 ], [ 86.793390530644047, 20.59139961079071 ], [ 86.793623501097528, 20.590886782771559 ], [ 86.791019780272151, 20.589718922048903 ], [ 86.790436334414039, 20.589410143098132 ], [ 86.789088064223307, 20.588553485301293 ], [ 86.82146906697578, 20.55650260641854 ], [ 86.818336294070548, 20.553695687203927 ], [ 86.817498043835627, 20.553695716658218 ], [ 86.81500090567252, 20.551220862966357 ], [ 86.811638776133108, 20.549553200412142 ], [ 86.809137199151422, 20.549553155828068 ], [ 86.804999115706465, 20.547082812124085 ], [ 86.797530149061728, 20.540416485303371 ], [ 86.796669542092502, 20.540416465147732 ], [ 86.784547702792466, 20.528298629823833 ], [ 86.74824355324094, 20.557767776155675 ], [ 86.748838363880424, 20.558418010757176 ], [ 86.750259763059077, 20.559903999408469 ] ] ] } },
{ "type": "Feature", "properties": { "seg_id": "S060", "km_from_south": 300, "zone_km2": 27.4, "site_id": "" }, "geometry": { "type": "Polygon", "coordinates": [ [ [ 86.792453653053769, 20.592788953049869 ], [ 86.794634171895396, 20.59455596972921 ], [ 86.798420210474006, 20.597326271749122 ], [ 86.800777261115783, 20.598879461102278 ], [ 86.802775868394974, 20.600127526779918 ], [ 86.803313040112741, 20.600445057778895 ], [ 86.809355034125474, 20.604505247567172 ], [ 86.809990129687762, 20.605053205711528 ], [ 86.813496952046989, 20.607801730447346 ], [ 86.815891764713939, 20.609503842443736 ], [ 86.820034815408519, 20.612140940463973 ], [ 86.821426263579454, 20.612930365816958 ], [ 86.82178369707492, 20.613246057147766 ], [ 86.82350550133485, 20.614695022044181 ], [ 86.825614937928705, 20.61638595548234 ], [ 86.829270708159399, 20.619041607355079 ], [ 86.831543113866019, 20.620533762215818 ], [ 86.833468608642377, 20.621734290346232 ], [ 86.833983512922771, 20.622038800096846 ], [ 86.859504229124369, 20.583778742325929 ], [ 86.856635508492801, 20.582082337686039 ], [ 86.850000388349599, 20.576223072432271 ], [ 86.843360761372935, 20.572887669257582 ], [ 86.839945149320712, 20.569556682766464 ], [ 86.830023632560085, 20.562890375383564 ], [ 86.825836538525152, 20.560415531942844 ], [ 86.82146906697578, 20.55650260641854 ], [ 86.788399972606882, 20.589234348353987 ], [ 86.790675684440529, 20.591273646566115 ], [ 86.792453653053769, 20.592788953049869 ] ] ] } },
{ "type": "Feature", "properties": { "seg_id": "S061", "km_from_south": 305, "zone_km2": 23.8, "site_id": "" }, "geometry": { "type": "Polygon", "coordinates": [ [ [ 86.833983512922885, 20.622038800096917 ], [ 86.837216483847143, 20.623950687207724 ], [ 86.839211210109767, 20.625620875539479 ], [ 86.840962614608102, 20.626974919082478 ], [ 86.842445734680311, 20.628076228883554 ], [ 86.848116946102493, 20.632119336855361 ], [ 86.850244022001064, 20.633551529910097 ], [ 86.852844391499801, 20.6352034084988 ], [ 86.854576942370585, 20.636179081335644 ], [ 86.857734377522419, 20.638528870566578 ], [ 86.85991309239482, 20.64005789207696 ], [ 86.862580671488274, 20.641821562411586 ], [ 86.867196379745579, 20.644519331197422 ], [ 86.870058765900396, 20.645987788340118 ], [ 86.872732018182106, 20.647179676217956 ], [ 86.873966445994867, 20.64777384891131 ], [ 86.87479234769458, 20.648124379063393 ], [ 86.876010793500001, 20.648708193550068 ], [ 86.876279607264294, 20.64821111020844 ], [ 86.875837298691849, 20.647987187286549 ], [ 86.875867042635107, 20.647918234119896 ], [ 86.872042871610319, 20.638925005765731 ], [ 86.89886879520536, 20.609248109658587 ], [ 86.898359367488496, 20.608721011418677 ], [ 86.894943654406475, 20.6070844767968 ], [ 86.891670676868472, 20.606192643149313 ], [ 86.881668921935102, 20.598750418827965 ], [ 86.880803837077806, 20.59875042818728 ], [ 86.869112121210364, 20.590416411564313 ], [ 86.865839156392795, 20.59041639102778 ], [ 86.863333098981229, 20.588748685757743 ], [ 86.860831581364081, 20.588748683282255 ], [ 86.860421283406311, 20.589136569875201 ], [ 86.862053345437346, 20.590804347359196 ], [ 86.860831581364081, 20.592944702237904 ], [ 86.858780363044048, 20.590001703676741 ], [ 86.858780363044048, 20.588333964671452 ], [ 86.859970946779896, 20.58708538720844 ], [ 86.862472508822563, 20.587085399993121 ], [ 86.864974094812482, 20.588748670662671 ], [ 86.867110008086001, 20.588275972352896 ], [ 86.859504229124369, 20.583778742325929 ], [ 86.852845998730558, 20.593762838773873 ], [ 86.850495399340659, 20.588230891503908 ], [ 86.849955450702467, 20.588001545374091 ], [ 86.849949369084172, 20.588014241408938 ], [ 86.848226240252458, 20.592140454741251 ], [ 86.84694083243059, 20.596405826430843 ], [ 86.846105558582948, 20.600769288513881 ], [ 86.845802358494637, 20.604323145715625 ], [ 86.834834601950604, 20.620763241075512 ], [ 86.832907108488499, 20.619210556753149 ], [ 86.832479766638471, 20.619596884966008 ], [ 86.83342123694166, 20.620519948336383 ], [ 86.834388567493761, 20.621431732848801 ], [ 86.833983512922885, 20.622038800096917 ] ] ] } },
{ "type": "Feature", "properties": { "seg_id": "S062", "km_from_south": 310, "zone_km2": 32.3, "site_id": "" }, "geometry": { "type": "Polygon", "coordinates": [ [ [ 86.867801463143763, 20.643615727878345 ], [ 86.86823843280591, 20.643965840397605 ], [ 86.870696624368676, 20.64580822149302 ], [ 86.870925013163571, 20.645968179707101 ], [ 86.872686759163287, 20.647299429890978 ], [ 86.874530249506705, 20.648624746726941 ], [ 86.876782003395803, 20.650163869028525 ], [ 86.877836102194323, 20.650813535443778 ], [ 86.880831523054852, 20.653076953407847 ], [ 86.883458226979357, 20.654843287730667 ], [ 86.885691049156279, 20.656257421030599 ], [ 86.892478723580481, 20.660300526272326 ], [ 86.893410269590021, 20.661010252945548 ], [ 86.895900690125188, 20.662804186836443 ], [ 86.900218309908084, 20.665576867181002 ], [ 86.902901344460432, 20.667105209779873 ], [ 86.904371379541843, 20.667891897820109 ], [ 86.907275951786659, 20.66997307205974 ], [ 86.909682108718329, 20.671522512757278 ], [ 86.91172201593163, 20.672765902526184 ], [ 86.91238394937767, 20.673147333405154 ], [ 86.912693424791939, 20.672671639789829 ], [ 86.908522494575905, 20.669652134054143 ], [ 86.908647239274529, 20.669431891144114 ], [ 86.907013838926133, 20.668559902594108 ], [ 86.906993844545383, 20.668545426935392 ], [ 86.938039473953054, 20.635152343314562 ], [ 86.937470123284598, 20.634583743582048 ], [ 86.934197124097338, 20.632916021133376 ], [ 86.931610835882424, 20.63038779103756 ], [ 86.924971242958762, 20.627056818261199 ], [ 86.920828745278286, 20.6237214238331 ], [ 86.908280814700774, 20.616247905111962 ], [ 86.906639910897127, 20.614526690796289 ], [ 86.904138337264101, 20.613719649841162 ], [ 86.901641223063834, 20.611195780117143 ], [ 86.900802959160615, 20.611249317142239 ], [ 86.89886879520536, 20.609248109658587 ], [ 86.871278476674988, 20.639770406138837 ], [ 86.8644413284254, 20.58948618783165 ], [ 86.863333098981229, 20.588748685757743 ], [ 86.860831581364081, 20.588748683282255 ], [ 86.860421283406311, 20.589136569875201 ], [ 86.862053345437346, 20.590804347359196 ], [ 86.860831581364081, 20.592944702237904 ], [ 86.858780363044048, 20.590001703676741 ], [ 86.858780363044048, 20.588333964671452 ], [ 86.859970946779896, 20.58708538720844 ], [ 86.862472508822563, 20.587085399993121 ], [ 86.864278190655895, 20.588285980667813 ], [ 86.864029240397144, 20.586454413701539 ], [ 86.860997700085889, 20.584661865755745 ], [ 86.860246689389385, 20.58563712959981 ], [ 86.857869494887993, 20.589464330053872 ], [ 86.855902009500682, 20.593492487732107 ], [ 86.854363206924177, 20.597682823419259 ], [ 86.853267937859897, 20.601994993467773 ], [ 86.852626785800695, 20.606387477881992 ], [ 86.852445963747897, 20.610817979846274 ], [ 86.852727252905439, 20.615243832862372 ], [ 86.853467983997717, 20.619622411583151 ], [ 86.85466106144942, 20.623911542389344 ], [ 86.856295030253904, 20.628069909752572 ], [ 86.85835418494203, 20.632057454463713 ], [ 86.860818719654702, 20.635835759878624 ], [ 86.863664917919692, 20.639368422444203 ], [ 86.866865380342446, 20.642621402915406 ], [ 86.867911118078212, 20.643494461634369 ], [ 86.867801463143763, 20.643615727878345 ] ] ] } },
{ "type": "Feature", "properties": { "seg_id": "S063", "km_from_south": 315, "zone_km2": 26.9, "site_id": "" }, "geometry": { "type": "Polygon", "coordinates": [ [ [ 86.911248763231711, 20.672875771699644 ], [ 86.913245625296057, 20.674254473932958 ], [ 86.916675695860192, 20.676415477683012 ], [ 86.918791110753077, 20.677627579875317 ], [ 86.922319330743633, 20.67945826065851 ], [ 86.922447898751457, 20.679537034180125 ], [ 86.924625011755893, 20.681174901207907 ], [ 86.926704676472511, 20.682600930437502 ], [ 86.93028021205653, 20.684829524287302 ], [ 86.932486905509847, 20.686075135925883 ], [ 86.932568707994363, 20.68611900210681 ], [ 86.93316925358711, 20.686580227733657 ], [ 86.937378859618988, 20.689469694976324 ], [ 86.940000946501883, 20.691071793678461 ], [ 86.944518743086178, 20.69351477728177 ], [ 86.945636938481101, 20.69404564857097 ], [ 86.946137723192663, 20.694351979901594 ], [ 86.947832913702314, 20.69534237825086 ], [ 86.949892531284746, 20.696490553478416 ], [ 86.951630035964797, 20.697413779841948 ], [ 86.954685977932058, 20.698959584669481 ], [ 86.954966641393355, 20.698468293421335 ], [ 86.95289732754928, 20.697332006951417 ], [ 86.978228025500883, 20.659575204234887 ], [ 86.973303480977378, 20.65708436636675 ], [ 86.96916987547209, 20.654556049232934 ], [ 86.965803249189165, 20.653749002138269 ], [ 86.959970785290196, 20.648750299938811 ], [ 86.953308819261736, 20.645361409696417 ], [ 86.950807297511005, 20.642891102308848 ], [ 86.948301290407116, 20.642026026948486 ], [ 86.946664804537903, 20.640362746188618 ], [ 86.940805565561007, 20.637914699423575 ], [ 86.938039473953054, 20.635152343314562 ], [ 86.906442303151934, 20.669138488033273 ], [ 86.908028784296263, 20.670445355408276 ], [ 86.911248763231711, 20.672875771699644 ] ] ] } },
{ "type": "Feature", "properties": { "seg_id": "S064", "km_from_south": 320, "zone_km2": 20.2, "site_id": "" }, "geometry": { "type": "MultiPolygon", "coordinates": [ [ [ [ 86.951059546663714, 20.696146659568022 ], [ 86.950708768027695, 20.696596284883871 ], [ 86.956539674897982, 20.700624017953391 ], [ 86.957987538132599, 20.701585891884928 ], [ 86.959747042241702, 20.702709562736203 ], [ 86.96275106304445, 20.70447919258849 ], [ 86.964593926376807, 20.705477629256286 ], [ 86.966145987081902, 20.706282970382667 ], [ 86.969631105710334, 20.708013120317347 ], [ 86.971454283880718, 20.709512060854337 ], [ 86.971543707130976, 20.709581461735468 ], [ 86.974137276931174, 20.709581413707468 ], [ 86.974997939569917, 20.708725233162252 ], [ 86.978302145193155, 20.707860218801155 ], [ 86.981222812901436, 20.705001883574091 ], [ 86.981222812901436, 20.701666511521616 ], [ 86.978302145193155, 20.700386756749605 ], [ 86.975858510424246, 20.697862879589639 ], [ 86.974137276931174, 20.697862876166074 ], [ 86.97080192992469, 20.696275426911793 ], [ 86.964942651018248, 20.696275473592614 ], [ 86.963720891379509, 20.694942149330476 ], [ 86.964166747494204, 20.69455424310074 ], [ 86.971662499565227, 20.694554227699861 ], [ 86.972505259387233, 20.695419285642927 ], [ 86.974997939569917, 20.695419245642039 ], [ 86.976670116409878, 20.696275427556134 ], [ 86.985811267548755, 20.702861531352276 ], [ 86.995001441043073, 20.702861514133073 ], [ 86.995804097701722, 20.702054450685218 ], [ 87.003510028997709, 20.702054464926288 ], [ 87.006258227636991, 20.698723503090946 ], [ 87.000000135974545, 20.698723496507256 ], [ 86.993307001328048, 20.69875020082139 ], [ 86.992861110299074, 20.69747049746568 ], [ 86.994163121860325, 20.696275383788379 ], [ 86.997498525538077, 20.696275384714561 ], [ 86.99835915104255, 20.695419256958132 ], [ 87.000000135974545, 20.695388099877722 ], [ 87.007446795130605, 20.695388045045885 ], [ 87.008561113581479, 20.695932136992457 ], [ 87.017905588655537, 20.684604171606985 ], [ 87.013274866633921, 20.681221503366963 ], [ 87.011642806418706, 20.68122152286378 ], [ 87.010001838501751, 20.679553778211403 ], [ 87.006639678058207, 20.678693181246206 ], [ 87.000000135974545, 20.672914165516406 ], [ 86.99835915104255, 20.671193017418361 ], [ 86.986662940924035, 20.665387193450208 ], [ 86.978302145193155, 20.659612692325684 ], [ 86.978228025500883, 20.659575204234887 ], [ 86.952900466699006, 20.697327329275893 ], [ 86.951059546663714, 20.696146659568022 ] ] ], [ [ [ 86.981129500620085, 20.71618856425804 ], [ 86.985869425769906, 20.718736157088234 ], [ 86.987158612572713, 20.719340324776439 ], [ 86.988460743456301, 20.720291612828962 ], [ 86.988626527557372, 20.720090742143448 ], [ 86.989797030977016, 20.720703719167801 ], [ 86.991483048147131, 20.721501893815727 ], [ 86.991749525335678, 20.721003639771013 ], [ 86.989081169033057, 20.719539876680905 ], [ 86.996633389779504, 20.710388479431018 ], [ 86.994163121860325, 20.710388471274467 ], [ 86.990858939030304, 20.712109680532684 ], [ 86.986662940924035, 20.712916800247729 ], [ 86.980803687499488, 20.715360410427969 ], [ 86.979776641171597, 20.715362049107231 ], [ 86.981129500620085, 20.71618856425804 ] ] ] ] } },
{ "type": "Feature", "properties": { "seg_id": "S065", "km_from_south": 325, "zone_km2": 10.1, "site_id": "" }, "geometry": { "type": "MultiPolygon", "coordinates": [ [ [ [ 86.988460743456315, 20.720291612828962 ], [ 86.993636574578858, 20.724072665351816 ], [ 86.995541078693435, 20.725394399781507 ], [ 86.99786666774402, 20.726926524694687 ], [ 87.001871764359421, 20.729297240107915 ], [ 87.004346451123027, 20.730606515322389 ], [ 87.005248947225027, 20.731030345018514 ], [ 87.005847492685774, 20.731536504906927 ], [ 87.006779475655279, 20.732260597229015 ], [ 87.008722150034373, 20.734040150421976 ], [ 87.010781579369194, 20.735769556384376 ], [ 87.011223641519763, 20.736106406939559 ], [ 87.011223641527124, 20.734137618749525 ], [ 87.009582735564663, 20.730806707330018 ], [ 87.009582735564663, 20.72747129137705 ], [ 87.008722082606113, 20.726668638606206 ], [ 87.008722082606113, 20.725000981513315 ], [ 87.0079194895699, 20.724140370327042 ], [ 87.0079194895699, 20.720804976271467 ], [ 87.007081167286259, 20.719944293960115 ], [ 87.007081167286259, 20.716693676345329 ], [ 87.003366730913314, 20.712082901354918 ], [ 87.002501692224072, 20.712082908826119 ], [ 87.001641064747247, 20.711222373007761 ], [ 87.000000135974545, 20.711222368413328 ], [ 86.999166254886802, 20.710388450997488 ], [ 86.994163121860325, 20.710388471274467 ], [ 86.992147858687474, 20.711438270922844 ], [ 86.993311285738287, 20.714414213704345 ], [ 86.988460743456315, 20.720291612828962 ] ] ], [ [ [ 87.056736279075494, 20.710476663885611 ], [ 87.054998638142195, 20.708751976702391 ], [ 87.046669057901838, 20.704582763877539 ], [ 87.044943351039834, 20.704582747146365 ], [ 87.04250425690077, 20.70291503557895 ], [ 87.039137667850753, 20.698723503422148 ], [ 87.038308205180115, 20.698723488979041 ], [ 87.032502478853203, 20.692917699762884 ], [ 87.028306464731727, 20.692052630110254 ], [ 87.025862860092644, 20.690416186808172 ], [ 87.017905588655537, 20.684604171606985 ], [ 87.008561113581479, 20.695932136992457 ], [ 87.010862468472411, 20.697055791927017 ], [ 87.014135437804697, 20.697055757728084 ], [ 87.017502107964845, 20.698723450103458 ], [ 87.02080628558349, 20.698723467183992 ], [ 87.022447188485359, 20.697055807625279 ], [ 87.024137241358005, 20.697916409556246 ], [ 87.029135872045998, 20.700386702713661 ], [ 87.030807992196415, 20.700386680565696 ], [ 87.032502478853203, 20.70205440255987 ], [ 87.035806688641372, 20.702915041109097 ], [ 87.036636042173782, 20.70377560668371 ], [ 87.038308205180115, 20.703775607163315 ], [ 87.041639162624051, 20.706250481535246 ], [ 87.044943351039834, 20.707026288413743 ], [ 87.046669057901838, 20.708752036670354 ], [ 87.050004464950774, 20.709554636080313 ], [ 87.051636512951887, 20.711222330985688 ], [ 87.053308684807291, 20.711222376087321 ], [ 87.054751012911481, 20.712663204576597 ], [ 87.056736279075494, 20.710476663885611 ] ] ], [ [ [ 87.00422082319281, 20.701192963110014 ], [ 87.0039400187285, 20.698723527161004 ], [ 87.000000135974545, 20.698723496507256 ], [ 86.993307001328048, 20.69875020082139 ], [ 86.992861110299074, 20.69747049746568 ], [ 86.994163121860325, 20.696275383788379 ], [ 86.997498525538077, 20.696275384714561 ], [ 86.99835915104255, 20.695419256958132 ], [ 87.000000135974545, 20.695388099877722 ], [ 87.003560756910275, 20.695388113814076 ], [ 87.001116161289701, 20.673885595669553 ], [ 87.000000135974545, 20.672914165516406 ], [ 86.99887654490108, 20.67173569220774 ], [ 86.997535575902347, 20.673508015085975 ], [ 86.995213031644738, 20.677311061364911 ], [ 86.993293199392113, 20.681308121338741 ], [ 86.991794201272512, 20.685461531825194 ], [ 86.990730197748547, 20.689732153336266 ], [ 86.990111252987504, 20.694079738597075 ], [ 86.989943238691666, 20.698463311616656 ], [ 86.990227777344046, 20.702841553749366 ], [ 86.990231173508022, 20.702861584275254 ], [ 86.995001441043073, 20.702861514133073 ], [ 86.995804097701722, 20.702054450685218 ], [ 87.0049987677519, 20.702054427943118 ], [ 87.005805836141406, 20.701251749702624 ], [ 87.007446795130605, 20.701251779441488 ], [ 87.0079194895699, 20.69999878650188 ], [ 87.006639678058207, 20.698723496141493 ], [ 87.006258227636991, 20.698723503090946 ], [ 87.00422082319281, 20.701192963110014 ] ] ] ] } },
{ "type": "Feature", "properties": { "seg_id": "S066", "km_from_south": 330, "zone_km2": 0.6, "site_id": "GAH_ISL" }, "geometry": { "type": "Polygon", "coordinates": [ [ [ 87.054751012911481, 20.712663204576597 ], [ 87.05750463900813, 20.715413857629013 ], [ 87.062530043251414, 20.717888692605385 ], [ 87.064162120454, 20.717888685820228 ], [ 87.066663676732588, 20.721197312873347 ], [ 87.069169674846933, 20.722053479426592 ], [ 87.069579948135882, 20.720804917232609 ], [ 87.067947903837819, 20.717473997798962 ], [ 87.065803059827829, 20.715413872534622 ], [ 87.064162120454, 20.715413928843521 ], [ 87.05916791482467, 20.712890076601024 ], [ 87.056736279075494, 20.710476663885611 ], [ 87.054751012911481, 20.712663204576597 ] ] ] } },
{ "type": "Feature", "properties": { "seg_id": "S067", "km_from_south": 335, "zone_km2": 22.6, "site_id": "" }, "geometry": { "type": "MultiPolygon", "coordinates": [ [ [ [ 87.044032152594184, 20.703959730681955 ], [ 87.04250425690077, 20.70291503557895 ], [ 87.039137667850753, 20.698723503422148 ], [ 87.038308205180115, 20.698723488979041 ], [ 87.032502478853203, 20.692917699762884 ], [ 87.028306464731727, 20.692052630110254 ], [ 87.025862860092644, 20.690416186808172 ], [ 87.013274866633921, 20.681221503366963 ], [ 87.011642806418706, 20.68122152286378 ], [ 87.010001838501751, 20.679553778211403 ], [ 87.006639678058207, 20.678693181246206 ], [ 87.001655597741987, 20.674355134264083 ], [ 87.000593908344726, 20.67491281057486 ], [ 86.998235469494688, 20.676296074015259 ], [ 86.994427386087708, 20.678777208700978 ], [ 86.992221441788843, 20.680367844358006 ], [ 86.988684933517618, 20.683182663335447 ], [ 86.986652006998312, 20.684965881963898 ], [ 86.98341998125413, 20.688088212805322 ], [ 86.981578992237345, 20.690047433159108 ], [ 86.978681533999534, 20.693448241535769 ], [ 86.977049622702609, 20.695565244084392 ], [ 86.97658588581254, 20.696232300731278 ], [ 86.976670116409878, 20.696275427556134 ], [ 86.985811267548755, 20.702861531352276 ], [ 86.995001441043073, 20.702861514133073 ], [ 86.995804097701722, 20.702054450685218 ], [ 87.0049987677519, 20.702054427943118 ], [ 87.005805836141406, 20.701251749702624 ], [ 87.007446795130605, 20.701251779441488 ], [ 87.0079194895699, 20.69999878650188 ], [ 87.006639678058207, 20.698723496141493 ], [ 87.000000135974545, 20.698723496507256 ], [ 86.993307001328048, 20.69875020082139 ], [ 86.992861110299074, 20.69747049746568 ], [ 86.994163121860325, 20.696275383788379 ], [ 86.997498525538077, 20.696275384714561 ], [ 86.99835915104255, 20.695419256958132 ], [ 87.000000135974545, 20.695388099877722 ], [ 87.007446795130605, 20.695388045045885 ], [ 87.010862468472411, 20.697055791927017 ], [ 87.014135437804697, 20.697055757728084 ], [ 87.017502107964845, 20.698723450103458 ], [ 87.02080628558349, 20.698723467183992 ], [ 87.022447188485359, 20.697055807625279 ], [ 87.024137241358005, 20.697916409556246 ], [ 87.029135872045998, 20.700386702713661 ], [ 87.030807992196415, 20.700386680565696 ], [ 87.032502478853203, 20.70205440255987 ], [ 87.035806688641372, 20.702915041109097 ], [ 87.036636042173782, 20.70377560668371 ], [ 87.038308205180115, 20.703775607163315 ], [ 87.041639162624051, 20.706250481535246 ], [ 87.043683019865412, 20.706730377393207 ], [ 87.044032152594184, 20.703959730681955 ] ] ], [ [ [ 86.97451371446553, 20.699212902978456 ], [ 86.973106081904291, 20.701467998873905 ], [ 86.970955352051988, 20.705328581944361 ], [ 86.969785118140194, 20.707700795688513 ], [ 86.96897209387356, 20.709581470788333 ], [ 86.974137276931174, 20.709581413707468 ], [ 86.974997939569917, 20.708725233162252 ], [ 86.978302145193155, 20.707860218801155 ], [ 86.981222812901436, 20.705001883574091 ], [ 86.981222812901436, 20.701666511521616 ], [ 86.978302145193155, 20.700386756749605 ], [ 86.975858510424246, 20.697862879589639 ], [ 86.975452288154756, 20.697862880332021 ], [ 86.97451371446553, 20.699212902978456 ] ] ], [ [ [ 86.965793725334777, 20.718382704036909 ], [ 86.965128730504745, 20.720922064061362 ], [ 86.964238651879484, 20.725199699102944 ], [ 86.963836803603542, 20.727787526738293 ], [ 86.963388963276913, 20.732125943800501 ], [ 86.963276583868918, 20.734301650081189 ], [ 87.011223641519862, 20.736486726259638 ], [ 87.011223641527124, 20.734137618749525 ], [ 87.009582735564663, 20.730806707330018 ], [ 87.009582735564663, 20.72747129137705 ], [ 87.008722082606113, 20.726668638606206 ], [ 87.008722082606113, 20.725000981513315 ], [ 87.0079194895699, 20.724140370327042 ], [ 87.0079194895699, 20.720804976271467 ], [ 87.007081167286259, 20.719944293960115 ], [ 87.007081167286259, 20.716693676345329 ], [ 87.003366730913314, 20.712082901354918 ], [ 87.002501692224072, 20.712082908826119 ], [ 87.001641064747247, 20.711222373007761 ], [ 87.000000135974545, 20.711222368413328 ], [ 86.999166254886802, 20.710388450997488 ], [ 86.994163121860325, 20.710388471274467 ], [ 86.990858939030304, 20.712109680532684 ], [ 86.986662940924035, 20.712916800247729 ], [ 86.980803687499488, 20.715360410427969 ], [ 86.966744751361873, 20.715382309714819 ], [ 86.965793725334777, 20.718382704036909 ] ] ] ] } },
{ "type": "Feature", "properties": { "seg_id": "S068", "km_from_south": 340, "zone_km2": 12.4, "site_id": "GAH_MAIN" }, "geometry": { "type": "Polygon", "coordinates": [ [ [ 86.955712836139739, 20.747016669722552 ], [ 86.955311006604305, 20.748733749822623 ], [ 86.95481538748227, 20.751551274728769 ], [ 86.954650771689316, 20.752557306587057 ], [ 86.954496994689336, 20.75357306121025 ], [ 86.955084053269971, 20.753651695745486 ], [ 86.959921983733764, 20.740889886954513 ], [ 86.960909941679844, 20.739451740495255 ], [ 86.961688445053937, 20.738597807880698 ], [ 86.962215647498894, 20.738075172435426 ], [ 86.963197295364026, 20.737375050902976 ], [ 86.963197205665381, 20.73765935748288 ], [ 86.963790124514787, 20.737659522008141 ], [ 86.963808451500228, 20.736939161832794 ], [ 86.966801682619632, 20.734804260321468 ], [ 86.986571923603734, 20.771192842440968 ], [ 86.990858939030304, 20.771192806551561 ], [ 86.991670520486721, 20.770390182607642 ], [ 86.994140831622005, 20.770390147017086 ], [ 86.995804097701722, 20.769609778097031 ], [ 86.997864226475471, 20.767469406755055 ], [ 87.000000135974545, 20.762863210668971 ], [ 87.002082523694412, 20.759946924215374 ], [ 87.002862851972679, 20.753360837538416 ], [ 87.004584047607494, 20.750832557094157 ], [ 87.004584047607494, 20.749164781257083 ], [ 87.006224972112534, 20.747501551022843 ], [ 87.011223641527124, 20.738306894521219 ], [ 87.011223641519862, 20.736486726259638 ], [ 86.967251649337342, 20.734483314920222 ], [ 86.972584100368081, 20.730679671826415 ], [ 86.973802288868214, 20.730074465708164 ], [ 86.975053014133962, 20.729521004004123 ], [ 86.983255981823348, 20.726929131098903 ], [ 86.983120066235657, 20.72638621182136 ], [ 86.98235227438964, 20.726556334034196 ], [ 86.980111153691055, 20.727106874498467 ], [ 86.977440280260637, 20.727828099535238 ], [ 86.973055547740756, 20.729230585205183 ], [ 86.970470855737204, 20.730190387721766 ], [ 86.966249957643427, 20.731983527574592 ], [ 86.965472567912371, 20.732357216293071 ], [ 86.966611470261967, 20.734454064270597 ], [ 86.964282628708048, 20.734347636152826 ], [ 86.967974048268616, 20.719946694988757 ], [ 86.968687086744097, 20.718555592287565 ], [ 86.968159328178302, 20.718301503253404 ], [ 86.963810459816145, 20.726296796529468 ], [ 86.963695705227252, 20.726496500966938 ], [ 86.962474422577912, 20.728745556647624 ], [ 86.961223286550691, 20.731341347728556 ], [ 86.961213058805129, 20.731336964689568 ], [ 86.960907470108324, 20.731968068888566 ], [ 86.960709058197978, 20.732408213025778 ], [ 86.960626689979193, 20.732579100138569 ], [ 86.960543987417154, 20.732774393224386 ], [ 86.959919443623079, 20.73415981511619 ], [ 86.9588082323381, 20.736817454145651 ], [ 86.957206726231547, 20.741332463327783 ], [ 86.956398807048828, 20.744085316413983 ], [ 86.95637851134012, 20.744172047565598 ], [ 86.955844628744003, 20.745194491502545 ], [ 86.954934886220727, 20.747040650522948 ], [ 86.954150932114217, 20.748730216853765 ], [ 86.954694385410164, 20.748953338076412 ], [ 86.95552040233602, 20.747296759583527 ], [ 86.955712836139739, 20.747016669722552 ] ] ] } },
{ "type": "Feature", "properties": { "seg_id": "S069", "km_from_south": 345, "zone_km2": 29.7, "site_id": "" }, "geometry": { "type": "MultiPolygon", "coordinates": [ [ [ [ 86.959757608239741, 20.735340131763028 ], [ 86.957416292194722, 20.736748211502643 ], [ 86.953638825974195, 20.73926921920469 ], [ 86.951452452389091, 20.740882833510987 ], [ 86.947950479803879, 20.74373429118263 ], [ 86.945939373154459, 20.745538449821414 ], [ 86.942745453651554, 20.748693866729226 ], [ 86.94092831539831, 20.750671807889351 ], [ 86.938072155256037, 20.75410186677124 ], [ 86.936465889995574, 20.756235212327447 ], [ 86.933974065963938, 20.759908041004802 ], [ 86.932593624031611, 20.762176966815922 ], [ 86.930489335647252, 20.766058433592161 ], [ 86.929727728812594, 20.767648291436196 ], [ 86.929969884550701, 20.767915365898279 ], [ 86.930830496651964, 20.767054700828002 ], [ 86.934197124097338, 20.767054735306726 ], [ 86.93497305228523, 20.766194178683286 ], [ 86.949144077647631, 20.766194137265163 ], [ 86.94997347897062, 20.765387051264177 ], [ 86.955832671803165, 20.765418222694521 ], [ 86.956644233971758, 20.76619412841017 ], [ 86.969999237038166, 20.766220865200193 ], [ 86.972505259387248, 20.767861812563115 ], [ 86.974997939569917, 20.767888605278451 ], [ 86.977499501246157, 20.769583014936689 ], [ 86.979140436005153, 20.769583026037029 ], [ 86.982498110578675, 20.771192777406064 ], [ 86.986571923603719, 20.771192842440968 ], [ 86.9654725679123, 20.73235721629311 ], [ 86.963775457943171, 20.733172992896456 ], [ 86.959757608239741, 20.735340131763028 ] ] ], [ [ [ 86.923241941272408, 20.792922190327303 ], [ 86.923137816154508, 20.795534517793094 ], [ 86.923187725604564, 20.799891199703559 ], [ 86.923345905395252, 20.80240888511867 ], [ 86.92372597217431, 20.808907786340242 ], [ 86.923893268205404, 20.810934993015344 ], [ 86.924152981035746, 20.813370117433454 ], [ 86.924780268545391, 20.817406145605457 ], [ 86.925272540058245, 20.819809316958342 ], [ 86.926284497610752, 20.823775691767352 ], [ 86.926437933385472, 20.824276253717379 ], [ 86.97202402992022, 20.811917575424101 ], [ 86.97127460360251, 20.799137964599833 ], [ 86.970413950641216, 20.798335326778457 ], [ 86.970413950641216, 20.794946400343132 ], [ 86.969557788423558, 20.794166101615541 ], [ 86.970413950641216, 20.7933634627686 ], [ 86.970413950641216, 20.787499714529218 ], [ 86.969557788423558, 20.786639110692668 ], [ 86.969557788423558, 20.78497141851134 ], [ 86.967497743113597, 20.78205511136008 ], [ 86.96163844338183, 20.782055158269539 ], [ 86.956644233971758, 20.784556695290849 ], [ 86.953331128451978, 20.786224406553593 ], [ 86.947471860271634, 20.787027080730663 ], [ 86.944189988698284, 20.788748303584029 ], [ 86.935026553571404, 20.788748272399435 ], [ 86.934165939961034, 20.789555360555305 ], [ 86.926665722107998, 20.789555357879376 ], [ 86.925805112105067, 20.790416001284871 ], [ 86.923470897254631, 20.79041603369576 ], [ 86.923241941272408, 20.792922190327303 ] ] ] ] } },
{ "type": "Feature", "properties": { "seg_id": "S070", "km_from_south": 350, "zone_km2": 25.6, "site_id": "" }, "geometry": { "type": "Polygon", "coordinates": [ [ [ 86.920869408364766, 20.826043074927252 ], [ 86.919578732670047, 20.828626367681579 ], [ 86.917671583478054, 20.833032332749418 ], [ 86.916676861473235, 20.835728870179771 ], [ 86.91527288543341, 20.84029890556593 ], [ 86.914585181695514, 20.84307880885898 ], [ 86.913700010093351, 20.847762273033712 ], [ 86.913581927667778, 20.848658925746168 ], [ 86.953774467030172, 20.853331278688032 ], [ 86.953750340661628, 20.853307150962024 ], [ 86.956666541615505, 20.852914737025657 ], [ 86.958033067861805, 20.853825768272884 ], [ 86.960968044052606, 20.854166500978174 ], [ 86.961250542913859, 20.853307114017305 ], [ 86.959970785290196, 20.852914723060731 ], [ 86.958748975718962, 20.850832327665966 ], [ 86.960831319669978, 20.850390846397456 ], [ 86.962111130782034, 20.84916907216898 ], [ 86.962891497873912, 20.846667575384057 ], [ 86.964554700821438, 20.844999808225065 ], [ 86.96538406563721, 20.841668920965542 ], [ 86.968750721277942, 20.837472889315602 ], [ 86.971252302735294, 20.832469762933258 ], [ 86.972054898319882, 20.828304960605717 ], [ 86.973695866330957, 20.825027469293769 ], [ 86.973695866330957, 20.821638559071353 ], [ 86.974556460509746, 20.820778008947798 ], [ 86.973722595461894, 20.819168218443362 ], [ 86.973722595461894, 20.814972257975334 ], [ 86.972054898319882, 20.81244391342635 ], [ 86.97202402992022, 20.811917575424101 ], [ 86.928018074280132, 20.823848104504304 ], [ 86.928018144988101, 20.815098399746034 ], [ 86.970127453959606, 20.787211733122948 ], [ 86.969557788423558, 20.786639110692668 ], [ 86.969557788423558, 20.78497141851134 ], [ 86.967497743113597, 20.78205511136008 ], [ 86.96163844338183, 20.782055158269539 ], [ 86.956644233971758, 20.784556695290849 ], [ 86.953331128451978, 20.786224406553593 ], [ 86.947471860271634, 20.787027080730663 ], [ 86.944189988698284, 20.788748303584029 ], [ 86.943349641366197, 20.78874832109647 ], [ 86.942285213568354, 20.789540242916917 ], [ 86.938892174944712, 20.792618647008876 ], [ 86.935836201770385, 20.795994919056245 ], [ 86.933146731050229, 20.799636562108837 ], [ 86.930849677819594, 20.803508522642769 ], [ 86.928967185038431, 20.807573527474094 ], [ 86.928186354501605, 20.809845812027188 ], [ 86.927950111592807, 20.809786518326117 ], [ 86.927792274165043, 20.810342502058926 ], [ 86.927456907368182, 20.81175437904383 ], [ 86.927436942607258, 20.811750548067366 ], [ 86.927295007336014, 20.812404485699521 ], [ 86.927302157746581, 20.812405857770301 ], [ 86.927211397942813, 20.812787943756256 ], [ 86.926675604248715, 20.814236321717559 ], [ 86.925988462586517, 20.816458037919318 ], [ 86.925272897682021, 20.817573494192125 ], [ 86.922916760988912, 20.821719724033176 ], [ 86.921642590481397, 20.824273227877029 ], [ 86.920905400399974, 20.825975704507741 ], [ 86.920869408364766, 20.826043074927252 ] ] ] } },
{ "type": "Feature", "properties": { "seg_id": "S071", "km_from_south": 355, "zone_km2": 20.6, "site_id": "" }, "geometry": { "type": "MultiPolygon", "coordinates": [ [ [ [ 86.944809389636134, 20.895092538086267 ], [ 86.947859795426638, 20.889974325946191 ], [ 86.94708392199054, 20.888306653428252 ], [ 86.94708392199054, 20.886638955870229 ], [ 86.947859795426638, 20.885831836327799 ], [ 86.94708392199054, 20.883307927540972 ], [ 86.949585484442125, 20.881640219847469 ], [ 86.951226455301793, 20.878336036460443 ], [ 86.952078130512518, 20.873332986347936 ], [ 86.954584170164864, 20.870002038423024 ], [ 86.955391245909041, 20.866666603724738 ], [ 86.957527135111306, 20.864557445299234 ], [ 86.961250542913859, 20.863277670681288 ], [ 86.961250542913859, 20.861694664487011 ], [ 86.958748975718962, 20.859166425482975 ], [ 86.958748975718962, 20.858305829142704 ], [ 86.953774467030172, 20.853331278688028 ], [ 86.92005807394824, 20.849412429929323 ], [ 86.930403624694208, 20.82931679121722 ], [ 86.930018580632733, 20.828892455137566 ], [ 86.929399001920402, 20.82938937499172 ], [ 86.927712280568997, 20.830808001163003 ], [ 86.925731921883582, 20.832554183188126 ], [ 86.92258063071759, 20.83560730545215 ], [ 86.920783633806153, 20.837520810818791 ], [ 86.91795157980205, 20.840838973533138 ], [ 86.916353882355324, 20.842902851316524 ], [ 86.913866188871935, 20.846456658833372 ], [ 86.912481967739126, 20.848652624174026 ], [ 86.910360715013397, 20.852410589959234 ], [ 86.909202260138912, 20.854719185658116 ], [ 86.907466288726894, 20.858648010616665 ], [ 86.906543893607875, 20.8610487791643 ], [ 86.905986460421076, 20.862745777431424 ], [ 86.904949153427282, 20.865127636736059 ], [ 86.903396305710942, 20.869252364483589 ], [ 86.902593151951592, 20.87176669581833 ], [ 86.901471975031825, 20.876013245400667 ], [ 86.900931302312443, 20.878588797737795 ], [ 86.900252366604633, 20.882917354781053 ], [ 86.899979280417867, 20.88552997892327 ], [ 86.9005699342936, 20.885584506710011 ], [ 86.904104428278671, 20.873660149696214 ], [ 86.944809389636134, 20.895092538086267 ] ] ], [ [ [ 86.958033067861791, 20.85382576827288 ], [ 86.9591681407218, 20.85458247824285 ], [ 86.960831319669978, 20.85458242514046 ], [ 86.960968044052606, 20.854166500978174 ], [ 86.958033067861791, 20.85382576827288 ] ] ] ] } },
{ "type": "Feature", "properties": { "seg_id": "S072", "km_from_south": 360, "zone_km2": 26.4, "site_id": "" }, "geometry": { "type": "Polygon", "coordinates": [ [ [ 86.902870308435723, 20.873010101678886 ], [ 86.902736379825228, 20.873234704607086 ], [ 86.901706273983905, 20.875058734717687 ], [ 86.900523971324191, 20.877272964064652 ], [ 86.898734882052977, 20.881044102722601 ], [ 86.897772525098361, 20.883350514968058 ], [ 86.896357119247611, 20.887259390539899 ], [ 86.895622769168071, 20.889638731082716 ], [ 86.895043177981961, 20.891897773695057 ], [ 86.894671040973336, 20.892850955653248 ], [ 86.894396882930891, 20.89346862816997 ], [ 86.893504805556205, 20.895604584061054 ], [ 86.892179623253085, 20.89922044542384 ], [ 86.89213902994274, 20.89934858124662 ], [ 86.891923869689407, 20.899661505905982 ], [ 86.891763942937047, 20.899807945269341 ], [ 86.889643220279154, 20.901972744837781 ], [ 86.88632214360014, 20.905755634272587 ], [ 86.884633783956858, 20.907906615147528 ], [ 86.923322055190127, 20.934710557492608 ], [ 86.92372270565275, 20.93413723903549 ], [ 86.924583352818914, 20.93161342920207 ], [ 86.926665722107998, 20.929557715471553 ], [ 86.929167274820458, 20.928750704410756 ], [ 86.934607407619268, 20.920835737051572 ], [ 86.937055431363092, 20.916639773835826 ], [ 86.937920502487302, 20.911667868380075 ], [ 86.93955254728732, 20.909193081326741 ], [ 86.93955254728732, 20.906664756050819 ], [ 86.941278228356609, 20.905001534681134 ], [ 86.941278228356609, 20.900805506696134 ], [ 86.942054118924631, 20.899944901271471 ], [ 86.941278228356609, 20.898330707881819 ], [ 86.943275893881122, 20.896221558648151 ], [ 86.944136497588573, 20.896221515008719 ], [ 86.944809389636134, 20.895092538086267 ], [ 86.925611850411244, 20.884986424131192 ], [ 86.947678863444693, 20.871578937373769 ], [ 86.947807529709962, 20.871034440631401 ], [ 86.947789105903823, 20.871030594761621 ], [ 86.943139464881853, 20.870282788821207 ], [ 86.938434253900581, 20.869966802669836 ], [ 86.933718746621338, 20.870085676675288 ], [ 86.92903831549107, 20.870638266912412 ], [ 86.924437996329061, 20.871619256145674 ], [ 86.919962056111018, 20.873019204865244 ], [ 86.915653568055532, 20.874824641891653 ], [ 86.911553998051673, 20.877018193687846 ], [ 86.911079355495445, 20.877333780645998 ], [ 86.902870308435723, 20.873010101678886 ] ] ] } },
{ "type": "Feature", "properties": { "seg_id": "S073", "km_from_south": 365, "zone_km2": 28.7, "site_id": "" }, "geometry": { "type": "Polygon", "coordinates": [ [ [ 86.862019611953755, 20.96238115595396 ], [ 86.862117112231417, 20.962086065435596 ], [ 86.907011464011489, 20.976520448919722 ], [ 86.90788843139579, 20.974113134541817 ], [ 86.908753490491677, 20.965805764727524 ], [ 86.909529369244311, 20.964998660228378 ], [ 86.909529369244311, 20.962474841419677 ], [ 86.910385528489314, 20.960807101325933 ], [ 86.912918282259341, 20.958278868831002 ], [ 86.912918282259341, 20.952499823828596 ], [ 86.915410990273742, 20.94744320507526 ], [ 86.917916949605967, 20.942444573101092 ], [ 86.923322055190141, 20.934710557492608 ], [ 86.884633783956872, 20.90790661514751 ], [ 86.884463450348846, 20.908123616862444 ], [ 86.882971525543041, 20.91013644537114 ], [ 86.87884048397072, 20.916045275799902 ], [ 86.877082312740058, 20.918763879812271 ], [ 86.87509720483898, 20.922091885970339 ], [ 86.873546867047523, 20.924919962067076 ], [ 86.872154179507277, 20.927696338507523 ], [ 86.87120001826591, 20.929726259286412 ], [ 86.870119337168305, 20.932187098664492 ], [ 86.868534659833671, 20.936366626017495 ], [ 86.867716028911431, 20.938915172194832 ], [ 86.866575242824865, 20.943220555981107 ], [ 86.866172238081617, 20.945138937747966 ], [ 86.864838141378954, 20.948209311264574 ], [ 86.863778081197694, 20.951107169819096 ], [ 86.862967374299316, 20.95354551653433 ], [ 86.862877045014699, 20.953846882831133 ], [ 86.862346658649173, 20.955778959854275 ], [ 86.861764978096758, 20.958109518099327 ], [ 86.860979001805475, 20.96203019787362 ], [ 86.860618436730633, 20.964399868111382 ], [ 86.860364393689323, 20.966380826137105 ], [ 86.860098602116096, 20.968925438733095 ], [ 86.860689589286224, 20.96897989781807 ], [ 86.860967934498916, 20.966929338289649 ], [ 86.862019611953755, 20.96238115595396 ] ] ] } },
{ "type": "Feature", "properties": { "seg_id": "S074", "km_from_south": 370, "zone_km2": 23.6, "site_id": "" }, "geometry": { "type": "Polygon", "coordinates": [ [ [ 86.845249240573764, 20.999548167281123 ], [ 86.845827008003866, 20.999677458457345 ], [ 86.845900022887022, 20.999524269285178 ], [ 86.887091468802311, 21.017445937596637 ], [ 86.888723231654751, 21.014138002113288 ], [ 86.892080939530416, 21.010026704852688 ], [ 86.892080939530416, 21.00830551866942 ], [ 86.891220324866481, 21.007498385718844 ], [ 86.893721878868021, 21.004974551390955 ], [ 86.895447593397634, 21.001639108627675 ], [ 86.896223456408578, 20.999998150556099 ], [ 86.902947769084292, 20.98663875024841 ], [ 86.903723664634384, 20.983303293949451 ], [ 86.905440380064178, 20.980832937027955 ], [ 86.907011464011489, 20.976520448919722 ], [ 86.862284498020188, 20.962139910241046 ], [ 86.862620080217212, 20.961360335332007 ], [ 86.862082475744913, 20.961123500599594 ], [ 86.861673165932643, 20.961943255423414 ], [ 86.861503962464752, 20.961888825155391 ], [ 86.860940647266617, 20.963433828333578 ], [ 86.860840361395574, 20.963641023933871 ], [ 86.859732768326481, 20.966003226928201 ], [ 86.858088359135309, 20.970018304472873 ], [ 86.858046849660099, 20.970136107727651 ], [ 86.852880619583004, 20.980393966108409 ], [ 86.852639583731559, 20.980879957798511 ], [ 86.852354033189769, 20.981464738630532 ], [ 86.852119151496566, 20.981953381674064 ], [ 86.851818018743828, 20.982589890892339 ], [ 86.851068110243531, 20.984038510809825 ], [ 86.849983609653606, 20.986287719809862 ], [ 86.848761642020492, 20.989018131776213 ], [ 86.848463016150006, 20.989802872895741 ], [ 86.846401699398839, 20.993001433602522 ], [ 86.844907388620541, 20.995637821660811 ], [ 86.843726579277615, 20.997867037471757 ], [ 86.843437618230269, 20.998452469166324 ], [ 86.845319432120206, 20.999271562665527 ], [ 86.845249240573764, 20.999548167281123 ] ] ] } },
{ "type": "Feature", "properties": { "seg_id": "S075", "km_from_south": 375, "zone_km2": 24.4, "site_id": "" }, "geometry": { "type": "Polygon", "coordinates": [ [ [ 86.823304175843276, 21.02624670898367 ], [ 86.821629664297333, 21.028656713623231 ], [ 86.819069698930946, 21.032806769151556 ], [ 86.818203698805192, 21.034400048615765 ], [ 86.860615440411237, 21.054711142610063 ], [ 86.861250678770148, 21.052499622210814 ], [ 86.862441278366632, 21.052053750214185 ], [ 86.863747811790972, 21.050805146625869 ], [ 86.863747811790972, 21.048334803210864 ], [ 86.865839156392795, 21.046194430831733 ], [ 86.867471189013187, 21.046194481050037 ], [ 86.868750952519264, 21.044999404790804 ], [ 86.871194509641242, 21.039140180118718 ], [ 86.872086322174454, 21.035831527044689 ], [ 86.877085005010471, 21.030832904533302 ], [ 86.879524086069637, 21.026636864220588 ], [ 86.884611976908346, 21.022472089352874 ], [ 86.887091468802311, 21.017445937596637 ], [ 86.844656992636558, 20.998983227301824 ], [ 86.851455331166903, 20.990479532425024 ], [ 86.852817447660826, 20.98930423079187 ], [ 86.852427245941911, 20.988883749994006 ], [ 86.851797719636096, 20.989398989020273 ], [ 86.849956375070093, 20.990986928510249 ], [ 86.847800904903011, 20.992945042963896 ], [ 86.844393707619034, 20.996379363596454 ], [ 86.842466062379344, 20.998536874211744 ], [ 86.839456455004225, 21.002284554649489 ], [ 86.838360107180435, 21.003808372349823 ], [ 86.838228737172827, 21.003954024683281 ], [ 86.835543923287759, 21.007222401970996 ], [ 86.83396742264415, 21.009334382026939 ], [ 86.831521133852661, 21.012967708209739 ], [ 86.830165415202202, 21.015210786392146 ], [ 86.828097766749934, 21.019045928150245 ], [ 86.827066678754832, 21.021207844377205 ], [ 86.826855212250493, 21.021463057902491 ], [ 86.8244904611322, 21.024581004923935 ], [ 86.82386258178893, 21.025487831760199 ], [ 86.823304175843276, 21.02624670898367 ] ] ] } },
{ "type": "Feature", "properties": { "seg_id": "S076", "km_from_south": 380, "zone_km2": 25.1, "site_id": "" }, "geometry": { "type": "Polygon", "coordinates": [ [ [ 86.801079575648004, 21.072089764663996 ], [ 86.799711981331896, 21.075946625095526 ], [ 86.79900314156427, 21.078293040914375 ], [ 86.798010340505385, 21.082249651208883 ], [ 86.797529031416332, 21.084646362189567 ], [ 86.796919105948902, 21.088670702414682 ], [ 86.79666925219243, 21.091098311328189 ], [ 86.796509547269522, 21.093125715596003 ], [ 86.796445826859568, 21.09429055770525 ], [ 86.797039364941881, 21.094319152177086 ], [ 86.801819371876221, 21.077125915386791 ], [ 86.844338633050285, 21.096849196972663 ], [ 86.844560299940952, 21.096609059234041 ], [ 86.844560299940952, 21.094138691870569 ], [ 86.842919378850979, 21.091637129101059 ], [ 86.843717524776636, 21.09002747451914 ], [ 86.847084173146158, 21.08577790125193 ], [ 86.847084173146158, 21.081639861428869 ], [ 86.850441859583853, 21.078331192343761 ], [ 86.850388341172717, 21.075807330693323 ], [ 86.854553106737455, 21.069943617730473 ], [ 86.853772824201471, 21.065805560985883 ], [ 86.855413760959848, 21.064971711814874 ], [ 86.857919768588488, 21.059973043594237 ], [ 86.859582994075396, 21.058305356514406 ], [ 86.860615440411237, 21.054711142610063 ], [ 86.818873020609587, 21.034720713543845 ], [ 86.818584786948051, 21.034550576561173 ], [ 86.818568538297825, 21.034574839816869 ], [ 86.818203698805178, 21.034400048615787 ], [ 86.817676587766172, 21.035369816023788 ], [ 86.816663250812709, 21.037507285629317 ], [ 86.815086767476899, 21.040112797712379 ], [ 86.813913631127463, 21.042270831303824 ], [ 86.812131503388571, 21.045945975653833 ], [ 86.81116822755817, 21.04819371140508 ], [ 86.809742653572329, 21.052003538079969 ], [ 86.809326775459937, 21.053297133853818 ], [ 86.808489248472583, 21.054917177589491 ], [ 86.806759453256333, 21.058690831142005 ], [ 86.806071393888359, 21.060402230005838 ], [ 86.805741664194755, 21.061012808739402 ], [ 86.803849386854296, 21.064979000620482 ], [ 86.802837223410734, 21.067407209254686 ], [ 86.801715194420197, 21.070534455302113 ], [ 86.801079575648004, 21.072089764663996 ] ] ] } },
{ "type": "Feature", "properties": { "seg_id": "S077", "km_from_south": 385, "zone_km2": 28.6, "site_id": "" }, "geometry": { "type": "Polygon", "coordinates": [ [ [ 86.830153772339472, 21.139581006391555 ], [ 86.830389302501516, 21.139108724007944 ], [ 86.829171949480141, 21.137918178853045 ], [ 86.827080632297864, 21.137499027090971 ], [ 86.827080632297864, 21.136638372169017 ], [ 86.828306846623221, 21.136250437778099 ], [ 86.8312543682746, 21.132473643254695 ], [ 86.832052552804356, 21.126667903484179 ], [ 86.832917588955624, 21.125802808683208 ], [ 86.833724707251761, 21.119167657278911 ], [ 86.835441454878847, 21.115832283907913 ], [ 86.835441454878847, 21.114164499395208 ], [ 86.83458527144478, 21.113303931541147 ], [ 86.837889448093335, 21.109972944417912 ], [ 86.838754533435164, 21.106668789223317 ], [ 86.841247158167718, 21.104140518005718 ], [ 86.840386558891666, 21.102472772798784 ], [ 86.840417803553038, 21.09913733951722 ], [ 86.841635104408837, 21.097942347261124 ], [ 86.84332959518153, 21.097942301421607 ], [ 86.844338633050285, 21.096849196972663 ], [ 86.801763864865791, 21.077100157155233 ], [ 86.802953516916162, 21.074993924217452 ], [ 86.802436571090837, 21.074718850682913 ], [ 86.801673230961114, 21.075982590917434 ], [ 86.799692965121508, 21.079638291241913 ], [ 86.798612056799229, 21.08188005544276 ], [ 86.79713655213564, 21.085351517376456 ], [ 86.795882023706341, 21.087530232057929 ], [ 86.794619406019919, 21.090017399092265 ], [ 86.794054564134569, 21.091206983483652 ], [ 86.793492255256751, 21.092298140553314 ], [ 86.791782159088697, 21.096037331550381 ], [ 86.790864762833721, 21.098321925809454 ], [ 86.790089409072323, 21.100552341296378 ], [ 86.789239718968176, 21.102692351378003 ], [ 86.787822606635899, 21.106870775090208 ], [ 86.787102961151163, 21.10941359104471 ], [ 86.786124096610507, 21.11370123742341 ], [ 86.785670496676417, 21.116297536387698 ], [ 86.785662199274725, 21.116353506092697 ], [ 86.784572214057917, 21.12061533773262 ], [ 86.784013093903283, 21.123465067400531 ], [ 86.783945318448559, 21.123818376003534 ], [ 86.783638605187363, 21.125454486835356 ], [ 86.783644915527631, 21.125455528258396 ], [ 86.783106872096852, 21.128196161914598 ], [ 86.782732229301729, 21.130815718207526 ], [ 86.782335409280662, 21.135205012252936 ], [ 86.782260556479002, 21.137163214771348 ], [ 86.782854664506942, 21.137183203256747 ], [ 86.78326034858469, 21.13304559820584 ], [ 86.830153772339472, 21.139581006391555 ] ] ] } },
{ "type": "Feature", "properties": { "seg_id": "S078", "km_from_south": 390, "zone_km2": 30.5, "site_id": "" }, "geometry": { "type": "Polygon", "coordinates": [ [ [ 86.781704442383869, 21.152851510443735 ], [ 86.781134422987137, 21.154930009826199 ], [ 86.781077715305017, 21.155159215402339 ], [ 86.780057493312967, 21.159224916143081 ], [ 86.779566345177159, 21.161687563094535 ], [ 86.779207622941513, 21.163748643535605 ], [ 86.779169129587189, 21.164007266308555 ], [ 86.778879716084177, 21.166425762597694 ], [ 86.778615967619274, 21.169334622523497 ], [ 86.778455343066, 21.174197889105425 ], [ 86.778526633759341, 21.177116481702441 ], [ 86.778924572867254, 21.181967740716882 ], [ 86.779330128152054, 21.184862211274641 ], [ 86.78028210148257, 21.189645185394312 ], [ 86.781017267932981, 21.192481953851669 ], [ 86.78251231494491, 21.197141149397488 ], [ 86.783249741729492, 21.199058315831735 ], [ 86.783809193116454, 21.198869062862098 ], [ 86.783006899526555, 21.196573706420857 ], [ 86.828595149314992, 21.183933730670397 ], [ 86.825386187265181, 21.179164819984194 ], [ 86.825386187265181, 21.177501635048316 ], [ 86.823754117326715, 21.174973272291886 ], [ 86.823754117326715, 21.173305639803072 ], [ 86.827058341383733, 21.16919432622425 ], [ 86.827058341383733, 21.166666027725732 ], [ 86.827918947087142, 21.165805431275455 ], [ 86.828721552535924, 21.161667366174992 ], [ 86.830362493948286, 21.159139048734104 ], [ 86.830389302501516, 21.151638815674037 ], [ 86.829582205375573, 21.150831713232115 ], [ 86.829528663960701, 21.140834450188656 ], [ 86.830155541749818, 21.13957745840279 ], [ 86.782943241038865, 21.131182795310224 ], [ 86.782782331739469, 21.131978738166531 ], [ 86.782376386518621, 21.134321218421654 ], [ 86.781968240937587, 21.137142253796753 ], [ 86.781552081300518, 21.14187100300315 ], [ 86.781461535354268, 21.144716637979538 ], [ 86.78157631352947, 21.149460251530623 ], [ 86.781804414392994, 21.152299098433005 ], [ 86.78182519967234, 21.152450870265504 ], [ 86.781704442383869, 21.152851510443735 ] ] ] } },
{ "type": "Feature", "properties": { "seg_id": "S079", "km_from_south": 395, "zone_km2": 29.7, "site_id": "" }, "geometry": { "type": "Polygon", "coordinates": [ [ [ 86.783669186516534, 21.200498890795394 ], [ 86.784533983824929, 21.202842964432616 ], [ 86.786164478672859, 21.206683807318182 ], [ 86.787254231597601, 21.208943916110133 ], [ 86.788208356475138, 21.210807842451231 ], [ 86.789991859527959, 21.214096755894612 ], [ 86.790492510207912, 21.215446197780889 ], [ 86.791554158835851, 21.217910973796947 ], [ 86.793536344214786, 21.221932620191378 ], [ 86.794850462858193, 21.224288011682319 ], [ 86.79539482282182, 21.225202001149988 ], [ 86.796048525086093, 21.226475196601861 ], [ 86.797341164319008, 21.22882971565285 ], [ 86.797383117472037, 21.22895475062095 ], [ 86.799007069509273, 21.233081092525495 ], [ 86.800108873665181, 21.235509482320467 ], [ 86.802153260472622, 21.239468171036673 ], [ 86.803501817724865, 21.241784572825935 ], [ 86.804675791929853, 21.243689239792708 ], [ 86.804922892622841, 21.244068505177253 ], [ 86.805487508588641, 21.245024395259829 ], [ 86.806708353337086, 21.24697442491232 ], [ 86.807768582425226, 21.24857472446746 ], [ 86.848613007601998, 21.224783560680155 ], [ 86.84627704724619, 21.220830710352285 ], [ 86.841193706192271, 21.215832036226328 ], [ 86.842054291156941, 21.214110862032662 ], [ 86.842054291156941, 21.210860191113184 ], [ 86.838754533435164, 21.206668597563972 ], [ 86.838330952940439, 21.204528255393335 ], [ 86.836609712312708, 21.204528261499807 ], [ 86.834612077667245, 21.207471248318392 ], [ 86.83458527144478, 21.212443133517532 ], [ 86.83416609678973, 21.212915814847644 ], [ 86.832083726235908, 21.212443155485559 ], [ 86.833746995107006, 21.208305073822117 ], [ 86.833746995107006, 21.205861501668934 ], [ 86.834612077667245, 21.205000869952652 ], [ 86.834612077667245, 21.201665449461693 ], [ 86.835419167801277, 21.20080491185329 ], [ 86.834558541796781, 21.196613306195317 ], [ 86.82961338039253, 21.187498930154135 ], [ 86.828752804703598, 21.184168016432366 ], [ 86.828595149314992, 21.183933730670397 ], [ 86.811451622060616, 21.188688712600413 ], [ 86.815021395823962, 21.172411243026392 ], [ 86.814694152343691, 21.171945557915016 ], [ 86.814664226531519, 21.171964058975107 ], [ 86.810850011447883, 21.174582581994642 ], [ 86.80732766155046, 21.177539080866236 ], [ 86.804131094076098, 21.180805101728303 ], [ 86.801291096876923, 21.184349209968182 ], [ 86.79883503180055, 21.188137292228852 ], [ 86.796786570759522, 21.19213288423585 ], [ 86.796515288633174, 21.192829829343999 ], [ 86.782430180945994, 21.196733516789447 ], [ 86.782996219234434, 21.198530024031815 ], [ 86.783669186516534, 21.200498890795394 ] ] ] } },
{ "type": "Feature", "properties": { "seg_id": "S080", "km_from_south": 400, "zone_km2": 30.1, "site_id": "" }, "geometry": { "type": "Polygon", "coordinates": [ [ [ 86.810981129702768, 21.252994764019849 ], [ 86.811727331421025, 21.253903710692192 ], [ 86.812123659393208, 21.255470861293844 ], [ 86.81280258613647, 21.257642425945956 ], [ 86.813138362113236, 21.258853715380788 ], [ 86.813178482823957, 21.259005097221788 ], [ 86.813999042586431, 21.261783172811914 ], [ 86.815332701783674, 21.265514108524382 ], [ 86.815330571286168, 21.265514797739847 ], [ 86.815347871625335, 21.26556178684211 ], [ 86.815368572151272, 21.265614453795038 ], [ 86.815627422709099, 21.266338568959572 ], [ 86.816005306431265, 21.267234434423351 ], [ 86.816036880371229, 21.267314763922421 ], [ 86.816909750246097, 21.269401411727543 ], [ 86.81851674117884, 21.27281979433949 ], [ 86.81957061536076, 21.274831696504229 ], [ 86.821153463931168, 21.2775618495582 ], [ 86.821259052404287, 21.277814952787391 ], [ 86.822420386371689, 21.280240642070495 ], [ 86.82456524430367, 21.284189599095821 ], [ 86.82597464812909, 21.286496952555026 ], [ 86.827199523123085, 21.288392728033692 ], [ 86.827535319904882, 21.288884781371443 ], [ 86.828036646108472, 21.288584266791773 ], [ 86.826892222964233, 21.286809639126187 ], [ 86.867890305527894, 21.264889511482352 ], [ 86.867890305526615, 21.264110742731813 ], [ 86.865388793576187, 21.260833306800023 ], [ 86.864586105619523, 21.257529144369791 ], [ 86.862084576143261, 21.255807916959018 ], [ 86.861250678770148, 21.251665361037386 ], [ 86.860358896379026, 21.250804753837865 ], [ 86.859582994075396, 21.246666732187638 ], [ 86.855444995944097, 21.238279148642931 ], [ 86.857888535198697, 21.236696181171446 ], [ 86.85708587610884, 21.233302809374649 ], [ 86.855003493698163, 21.231220386066347 ], [ 86.854165187230649, 21.231220374296935 ], [ 86.853300146942885, 21.23288811216171 ], [ 86.852082832499249, 21.232500135488525 ], [ 86.852082832499249, 21.229164730435762 ], [ 86.848725106523972, 21.224973245396548 ], [ 86.848613007601998, 21.224783560680155 ], [ 86.826384502181966, 21.237733465635557 ], [ 86.841283462153015, 21.209881054734495 ], [ 86.838754533435164, 21.206668597563972 ], [ 86.838396749554491, 21.204860728194841 ], [ 86.836088595772225, 21.205908259257214 ], [ 86.835408097046496, 21.206298541131748 ], [ 86.834612077667245, 21.207471248318392 ], [ 86.83458527144478, 21.212443133517532 ], [ 86.83416609678973, 21.212915814847644 ], [ 86.832083726235908, 21.212443155485559 ], [ 86.833746995107006, 21.208305073822117 ], [ 86.833746995143883, 21.207251201505311 ], [ 86.832055287298431, 21.208221385166432 ], [ 86.828283046204035, 21.210894003856684 ], [ 86.824808189632932, 21.213900394770047 ], [ 86.821664178706456, 21.217211623660369 ], [ 86.818881296418752, 21.220795820521293 ], [ 86.816486355829682, 21.224618485786547 ], [ 86.814502441371133, 21.22864282188117 ], [ 86.812948685775496, 21.232830086957527 ], [ 86.811840084803421, 21.237139967434022 ], [ 86.811187351593048, 21.241530965770849 ], [ 86.811052919433024, 21.244656396042945 ], [ 86.811046995524336, 21.244634154121748 ], [ 86.810919611633153, 21.244023952220342 ], [ 86.810276709158927, 21.237801645207306 ], [ 86.809681994901666, 21.237815329319229 ], [ 86.809754583198611, 21.240588436446934 ], [ 86.810135121536831, 21.245252905317422 ], [ 86.810382473837294, 21.247052707130226 ], [ 86.807768582425183, 21.248574724467378 ], [ 86.808234937221314, 21.249278622845175 ], [ 86.810981129702768, 21.252994764019849 ] ] ] } },
{ "type": "Feature", "properties": { "seg_id": "S081", "km_from_south": 405, "zone_km2": 23.8, "site_id": "" }, "geometry": { "type": "Polygon", "coordinates": [ [ [ 86.830024234021835, 21.292585606207737 ], [ 86.831805620245731, 21.294905516396277 ], [ 86.83275162482191, 21.296071344785489 ], [ 86.833141921692174, 21.296684489011618 ], [ 86.835501109308652, 21.300041519975146 ], [ 86.836612677284691, 21.301479550150781 ], [ 86.837986465607401, 21.303846181704543 ], [ 86.83946126513726, 21.306114403354478 ], [ 86.842114065840519, 21.309777343692435 ], [ 86.843818807463748, 21.311899367625703 ], [ 86.845285720332399, 21.313635075733909 ], [ 86.846434931593862, 21.314928403094733 ], [ 86.846597992716042, 21.315188681358421 ], [ 86.84786999367401, 21.316978676327302 ], [ 86.84827255149834, 21.317835278446434 ], [ 86.849399101586314, 21.319972364561384 ], [ 86.851442076564098, 21.323453356125103 ], [ 86.852400501202311, 21.324928740006619 ], [ 86.852908961105854, 21.324638753160283 ], [ 86.851768819209482, 21.322761950599407 ], [ 86.851040644848837, 21.321393493626292 ], [ 86.851146994966356, 21.321346960581678 ], [ 86.851587352185732, 21.321896440785576 ], [ 86.852063326416854, 21.321561536969458 ], [ 86.851750485333056, 21.321082904082903 ], [ 86.894175363765555, 21.302512116835327 ], [ 86.893753089145889, 21.301665273319102 ], [ 86.892112150867703, 21.299997598636544 ], [ 86.890386470269505, 21.296666659030965 ], [ 86.890386470269505, 21.294998966685338 ], [ 86.88788489670435, 21.292470604236723 ], [ 86.886252863678067, 21.289139644593511 ], [ 86.879586524931071, 21.281639427013644 ], [ 86.877504114837492, 21.277028743451712 ], [ 86.874556648193803, 21.276636307884555 ], [ 86.874556648193803, 21.274165981614033 ], [ 86.872915747425182, 21.270835072682797 ], [ 86.867890305526615, 21.264971374262348 ], [ 86.867890305527894, 21.264889511482352 ], [ 86.826370785748608, 21.287088325155693 ], [ 86.827277021720093, 21.288577730609035 ], [ 86.830024234021835, 21.292585606207737 ] ] ] } },
{ "type": "Feature", "properties": { "seg_id": "S082", "km_from_south": 410, "zone_km2": 29.1, "site_id": "" }, "geometry": { "type": "Polygon", "coordinates": [ [ [ 86.84942249758727, 21.316646854501442 ], [ 86.848847863355829, 21.316792238135175 ], [ 86.849558980262671, 21.31926011245395 ], [ 86.850961925853511, 21.323346373127563 ], [ 86.851932825874215, 21.32577220623611 ], [ 86.853755434679456, 21.329738165846084 ], [ 86.854969172060038, 21.33206604356441 ], [ 86.85718774212225, 21.335850804069558 ], [ 86.858633251459423, 21.338059446231917 ], [ 86.861227548010547, 21.341628407312772 ], [ 86.862891640560264, 21.34369762126315 ], [ 86.865837985835284, 21.347018151543725 ], [ 86.867705469371259, 21.348929017161883 ], [ 86.869302382077024, 21.350486531030509 ], [ 86.873718640445119, 21.354592469278462 ], [ 86.874482532616184, 21.355670499098085 ], [ 86.875513103552052, 21.357067156106236 ], [ 86.876066882576183, 21.357788281371263 ], [ 86.877705135817209, 21.359800195458408 ], [ 86.879741708199163, 21.362161021052636 ], [ 86.883365997842844, 21.365911471252815 ], [ 86.885671752112501, 21.368044119771884 ], [ 86.887646421186901, 21.369770875215039 ], [ 86.887723818435646, 21.369834849778162 ], [ 86.888737637992435, 21.370757914378316 ], [ 86.92234660769914, 21.33836003903701 ], [ 86.919999377344567, 21.336223339793428 ], [ 86.91835841313862, 21.336223305679738 ], [ 86.915834584911238, 21.337944488068658 ], [ 86.914193631992504, 21.337944502469508 ], [ 86.913328517443517, 21.338720396912027 ], [ 86.912111183103818, 21.338332462392724 ], [ 86.914559278539045, 21.335804167970679 ], [ 86.913747695441231, 21.333333807287723 ], [ 86.915410990273742, 21.333333836525927 ], [ 86.915410990273742, 21.331612572421292 ], [ 86.913747695441231, 21.329998425291318 ], [ 86.912111183103818, 21.326640688208229 ], [ 86.89913969650155, 21.314583271652978 ], [ 86.896196684255429, 21.313303558337427 ], [ 86.896196684255429, 21.310779642886722 ], [ 86.895385098516655, 21.309972599027848 ], [ 86.89541630772068, 21.305000684502854 ], [ 86.894175363765555, 21.302512116835327 ], [ 86.851132504558535, 21.321353300804176 ], [ 86.84942249758727, 21.316646854501442 ] ] ] } },
{ "type": "Feature", "properties": { "seg_id": "S083", "km_from_south": 415, "zone_km2": 23.7, "site_id": "" }, "geometry": { "type": "Polygon", "coordinates": [ [ [ 86.887760097702454, 21.366957760162915 ], [ 86.887244168143781, 21.367236163820344 ], [ 86.888182136120548, 21.368761298554208 ], [ 86.889191741513685, 21.370320315387179 ], [ 86.888737637992463, 21.370757914378334 ], [ 86.890701016276182, 21.372545484791999 ], [ 86.890719522218888, 21.372572655488373 ], [ 86.893227800932621, 21.375912161682933 ], [ 86.894827959282225, 21.377850094647641 ], [ 86.896200435850474, 21.379436790415557 ], [ 86.900074951423491, 21.383714407906499 ], [ 86.90012503579527, 21.383791963673907 ], [ 86.901496501712018, 21.385813395873075 ], [ 86.903939051858075, 21.389084550381554 ], [ 86.905495786616697, 21.390984667990548 ], [ 86.906830461579219, 21.392541235984936 ], [ 86.910914814749404, 21.397094511688529 ], [ 86.911331964837146, 21.397666217209938 ], [ 86.914279827136085, 21.401297888268385 ], [ 86.915492741984991, 21.402645079485907 ], [ 86.952325855514601, 21.373552148984778 ], [ 86.949585484442125, 21.370803680351234 ], [ 86.949585484442125, 21.369974236532613 ], [ 86.942107612347385, 21.361640153702815 ], [ 86.939530231711586, 21.357444156811098 ], [ 86.931276428169483, 21.348334216929825 ], [ 86.928694646096872, 21.34413822418454 ], [ 86.92234660769914, 21.33836003903701 ], [ 86.889813003743654, 21.369721626862376 ], [ 86.88862433942073, 21.36829090805222 ], [ 86.887760097702454, 21.366957760162915 ] ] ] } },
{ "type": "Feature", "properties": { "seg_id": "S084", "km_from_south": 420, "zone_km2": 25.6, "site_id": "" }, "geometry": { "type": "Polygon", "coordinates": [ [ [ 86.917780923080713, 21.405097099768895 ], [ 86.922969554097008, 21.410301821911546 ], [ 86.924641147067618, 21.412395400607281 ], [ 86.926827918300063, 21.414858130111174 ], [ 86.928715082664795, 21.416859929017182 ], [ 86.929634846700054, 21.417779281353138 ], [ 86.931375613375465, 21.419994750882942 ], [ 86.933534518771182, 21.422430417094667 ], [ 86.935396998770372, 21.424410894404165 ], [ 86.94906354411701, 21.438112558210637 ], [ 86.984319778354191, 21.40727314318433 ], [ 86.967087510736079, 21.390000091910149 ], [ 86.967087510736079, 21.389139462963708 ], [ 86.96041667617591, 21.38247310947164 ], [ 86.96041667617591, 21.381666013542667 ], [ 86.952325855514601, 21.373552148984778 ], [ 86.91549274198492, 21.402645079485833 ], [ 86.916163836364902, 21.403390453284441 ], [ 86.917780923080713, 21.405097099768895 ] ] ] } },
{ "type": "Feature", "properties": { "seg_id": "S085", "km_from_south": 425, "zone_km2": 27.9, "site_id": "" }, "geometry": { "type": "Polygon", "coordinates": [ [ [ 86.955262393438602, 21.444246297136406 ], [ 86.957302787893667, 21.446099912252041 ], [ 86.960861480421329, 21.449029166179262 ], [ 86.963086365227937, 21.450686411928761 ], [ 86.964548339482761, 21.451721503029422 ], [ 86.969985551684545, 21.455761030948413 ], [ 86.972138906274736, 21.457271100982943 ], [ 86.974774921832577, 21.45901433208774 ], [ 86.976683337186671, 21.460132530064271 ], [ 86.978017079004289, 21.46132871680663 ], [ 86.979638379055331, 21.462717879673502 ], [ 86.981623512070385, 21.464342527330164 ], [ 86.985060438802378, 21.466906393617716 ], [ 86.987195338880269, 21.468355191378187 ], [ 86.989003832926372, 21.469524569236818 ], [ 86.995152535421198, 21.47330941213437 ], [ 87.021663628238088, 21.435561386730623 ], [ 87.013306075771723, 21.430417328277649 ], [ 87.005837050144677, 21.42371981243598 ], [ 87.001663351499687, 21.422056545716128 ], [ 87.000000135974545, 21.420388858378232 ], [ 86.993307001328048, 21.415416934896133 ], [ 86.992446361507774, 21.415416925672279 ], [ 86.984319778354191, 21.40727314318433 ], [ 86.94906354411701, 21.43811255821063 ], [ 86.953602634265366, 21.44266249611 ], [ 86.955262393438602, 21.444246297136406 ] ] ] } },
{ "type": "Feature", "properties": { "seg_id": "S086", "km_from_south": 430, "zone_km2": 23.2, "site_id": "" }, "geometry": { "type": "Polygon", "coordinates": [ [ [ 86.990967718639823, 21.46913125686569 ], [ 86.990546495679354, 21.469525715435811 ], [ 86.999646950758162, 21.478039643999558 ], [ 87.001160989225241, 21.479395756030499 ], [ 87.003014751273639, 21.480985396170688 ], [ 87.006224402920608, 21.48350672342103 ], [ 87.007561020977164, 21.484467272514955 ], [ 87.008430537116041, 21.485229131344617 ], [ 87.010096232334263, 21.486622284607289 ], [ 87.012135360592595, 21.488249871226952 ], [ 87.014608194657043, 21.490045429644194 ], [ 87.01476087154353, 21.490185041626805 ], [ 87.016996685889751, 21.492029678884311 ], [ 87.017981151557748, 21.493096378171629 ], [ 87.019621670924522, 21.494785654246932 ], [ 87.021643794755292, 21.496764934991976 ], [ 87.025187874837528, 21.499900138160655 ], [ 87.025779726603403, 21.500373063299762 ], [ 87.044743820284339, 21.479583468698603 ], [ 87.040832088145422, 21.479583409812527 ], [ 87.038749707468099, 21.4783304001052 ], [ 87.039168860125372, 21.47705512289096 ], [ 87.04704966022156, 21.477055114283157 ], [ 87.056943457336203, 21.466205203484687 ], [ 87.050802616205985, 21.459553161314815 ], [ 87.049942018278344, 21.459553150201163 ], [ 87.045830727953359, 21.455388299633967 ], [ 87.044996882364813, 21.455388371912605 ], [ 87.038308205180115, 21.449529043824111 ], [ 87.037443187495768, 21.449529078119372 ], [ 87.024137241358005, 21.437083741339567 ], [ 87.021663628238088, 21.435561386730623 ], [ 86.995523217428754, 21.472781777763522 ], [ 86.992370499309871, 21.470378606135057 ], [ 86.990967718639823, 21.46913125686569 ] ] ] } },
{ "type": "Feature", "properties": { "seg_id": "S087", "km_from_south": 435, "zone_km2": 22.2, "site_id": "" }, "geometry": { "type": "MultiPolygon", "coordinates": [ [ [ [ 87.031277471034272, 21.504462698412507 ], [ 87.033683311051604, 21.506021558896908 ], [ 87.037828278559388, 21.508426713125953 ], [ 87.040390044958343, 21.509750348847458 ], [ 87.044773386403307, 21.511751673121324 ], [ 87.047464908218373, 21.512826556830927 ], [ 87.052041838410986, 21.514403597412922 ], [ 87.053248541879043, 21.514755686854755 ], [ 87.054123577586608, 21.515595014471103 ], [ 87.055684075541564, 21.517036191402205 ], [ 87.058380257221287, 21.519344291833324 ], [ 87.060052859015002, 21.520670849208415 ], [ 87.061469080643306, 21.52175161166522 ], [ 87.062857251163308, 21.52277062068918 ], [ 87.06481782179182, 21.524136191311328 ], [ 87.067130227001016, 21.525663194043332 ], [ 87.067473915146991, 21.525207521332995 ], [ 87.062187552634157, 21.521135503578204 ], [ 87.061535990457244, 21.520518251003082 ], [ 87.06522400973779, 21.517299590374648 ], [ 87.067249121452804, 21.517587077274396 ], [ 87.070160990184931, 21.517860492902663 ], [ 87.072593708089684, 21.518030914671019 ], [ 87.07344175676279, 21.518070185757892 ], [ 87.073471215451661, 21.517513145927982 ], [ 87.066788245410109, 21.51593436069545 ], [ 87.096373511373471, 21.490105418607506 ], [ 87.095023556621484, 21.488751348472483 ], [ 87.094167412937821, 21.48875135270745 ], [ 87.092446166366813, 21.487030126436903 ], [ 87.09163461834828, 21.487030072656253 ], [ 87.079140229184517, 21.47458476874418 ], [ 87.075836045102733, 21.472917049495827 ], [ 87.068335855727639, 21.472917068405454 ], [ 87.059997320286868, 21.482053726110646 ], [ 87.05916791482467, 21.482053750320212 ], [ 87.054138039586732, 21.47791573060427 ], [ 87.049942018278344, 21.477915725226936 ], [ 87.047498451726099, 21.479583455243766 ], [ 87.04474382028431, 21.479583468698603 ], [ 87.025779726603375, 21.500373063299751 ], [ 87.027413217019429, 21.501678293435489 ], [ 87.031277471034272, 21.504462698412507 ] ] ], [ [ [ 87.047049660221546, 21.477055114283157 ], [ 87.047498451726099, 21.477055102613448 ], [ 87.048309988627366, 21.476194494177069 ], [ 87.054106857083525, 21.476194526367706 ], [ 87.054971878091237, 21.47538744235105 ], [ 87.05750463900813, 21.475387370995684 ], [ 87.059136735606643, 21.474584787067311 ], [ 87.060447693611877, 21.473331769532379 ], [ 87.060447693611877, 21.470000779129101 ], [ 87.056943457336203, 21.466205203484684 ], [ 87.047049660221546, 21.477055114283157 ] ] ] ] } },
{ "type": "Feature", "properties": { "seg_id": "S088", "km_from_south": 440, "zone_km2": 27.4, "site_id": "" }, "geometry": { "type": "Polygon", "coordinates": [ [ [ 87.065005499655371, 21.524812809012516 ], [ 87.066644199180118, 21.526330815204219 ], [ 87.069480895125466, 21.528757071075372 ], [ 87.07060872708135, 21.529647236634066 ], [ 87.07176503535797, 21.530791507447077 ], [ 87.072736133192905, 21.531949651369715 ], [ 87.075894423668529, 21.535351970931487 ], [ 87.077895934025946, 21.53730235910233 ], [ 87.081401041731056, 21.540393232915047 ], [ 87.083600424973127, 21.542147272454677 ], [ 87.087417466964865, 21.544895911291391 ], [ 87.089792830647013, 21.546436128781814 ], [ 87.093883805999312, 21.548815149985945 ], [ 87.0964114983108, 21.550126200729068 ], [ 87.100735666975581, 21.552111901957201 ], [ 87.103390512689273, 21.553180723401013 ], [ 87.107904802144631, 21.554753319650768 ], [ 87.11066035403212, 21.555569262036904 ], [ 87.113929161015037, 21.556371720646684 ], [ 87.11482835569862, 21.556649104084414 ], [ 87.117656264482278, 21.557447241092579 ], [ 87.120591484335634, 21.55812502718333 ], [ 87.120582754451277, 21.558158257332096 ], [ 87.121775691893788, 21.558432505137379 ], [ 87.1217841236505, 21.558400408807021 ], [ 87.122435860009091, 21.558550891337521 ], [ 87.122939964717233, 21.55864206761877 ], [ 87.123053138832177, 21.558094490374334 ], [ 87.121687792676937, 21.557814261537651 ], [ 87.112996687886437, 21.554920189494513 ], [ 87.112349956757939, 21.554614218952384 ], [ 87.134922558987839, 21.515341045972544 ], [ 87.133309389827829, 21.514529423318152 ], [ 87.130834550655379, 21.51455610927081 ], [ 87.127525962435215, 21.512946447867179 ], [ 87.124168192873711, 21.512888480434551 ], [ 87.122496070896361, 21.514556106610062 ], [ 87.121635473065055, 21.514556160848301 ], [ 87.119553041975522, 21.516611814765202 ], [ 87.120779275427012, 21.518747704410778 ], [ 87.122496070896361, 21.518747711242252 ], [ 87.124948582595337, 21.51622382045819 ], [ 87.129198059557837, 21.516223872045053 ], [ 87.129996254690653, 21.517057728873947 ], [ 87.131637209164552, 21.517057705979454 ], [ 87.132921434548251, 21.518333047409861 ], [ 87.132497854091426, 21.518720912376796 ], [ 87.125809196524031, 21.517945041428625 ], [ 87.122442550449108, 21.520388642593836 ], [ 87.11833126902512, 21.519554771595242 ], [ 87.117470671887375, 21.520415442854347 ], [ 87.115838593370611, 21.520415384885879 ], [ 87.114166482796108, 21.518747695977204 ], [ 87.109136623685572, 21.5187477160088 ], [ 87.101667573432977, 21.524553473709855 ], [ 87.099134797107212, 21.525418490602476 ], [ 87.097052446732192, 21.527469733591882 ], [ 87.092477399985768, 21.537056801487672 ], [ 87.092111736821124, 21.535001092913191 ], [ 87.092918858335253, 21.534140554870401 ], [ 87.092918858335253, 21.530805107636404 ], [ 87.09541151665357, 21.526613593957375 ], [ 87.098274233330201, 21.523750781900997 ], [ 87.101667573432977, 21.522943729563487 ], [ 87.105836881716499, 21.517887085275287 ], [ 87.110808758891281, 21.51541677334405 ], [ 87.116668002347836, 21.515416768166421 ], [ 87.117921034980682, 21.514137018979429 ], [ 87.117921034980682, 21.512500537989794 ], [ 87.108748623255551, 21.502498749525152 ], [ 87.108748623255551, 21.501638114830836 ], [ 87.103304098871973, 21.496251494684511 ], [ 87.102501418625749, 21.496251550877044 ], [ 87.096373511373471, 21.490105418607506 ], [ 87.061074188448359, 21.52092126563052 ], [ 87.0636668580768, 21.523522353815821 ], [ 87.065005499655371, 21.524812809012516 ] ] ] } },
{ "type": "Feature", "properties": { "seg_id": "S089", "km_from_south": 445, "zone_km2": 26.2, "site_id": "" }, "geometry": { "type": "Polygon", "coordinates": [ [ [ 87.109669753745436, 21.552719310333572 ], [ 87.109305478774345, 21.553160807057445 ], [ 87.114178927970187, 21.55667971288748 ], [ 87.114186111233849, 21.556671006544285 ], [ 87.114898324573915, 21.557198319009039 ], [ 87.117514144267048, 21.559025240790557 ], [ 87.122050417875059, 21.561835434646934 ], [ 87.124869477114572, 21.563375384731089 ], [ 87.129715132494283, 21.565690195728646 ], [ 87.132701618019794, 21.566923602759616 ], [ 87.135221366508318, 21.567885777434281 ], [ 87.135576952241806, 21.56801074112974 ], [ 87.135870586628272, 21.568112312503455 ], [ 87.137419192475519, 21.568746114559243 ], [ 87.140521581316108, 21.570412064593455 ], [ 87.142469773930557, 21.571403255649496 ], [ 87.144835594671321, 21.572541832148325 ], [ 87.148867683571609, 21.574268062906587 ], [ 87.151335263166985, 21.575198776689462 ], [ 87.153185342599215, 21.575855665423397 ], [ 87.155956513055457, 21.576779250873681 ], [ 87.158204184399239, 21.577470769956406 ], [ 87.161399737916383, 21.578373340682042 ], [ 87.164085903643254, 21.579053647788545 ], [ 87.165383894369299, 21.57934509834234 ], [ 87.165523082158174, 21.578802790031975 ], [ 87.159902205268978, 21.577003019062644 ], [ 87.174339569279184, 21.543373260019038 ], [ 87.172857166004505, 21.540833624383218 ], [ 87.169557442193494, 21.538305272413421 ], [ 87.174163697823317, 21.537917420332615 ], [ 87.175024255185136, 21.538724427059631 ], [ 87.176334758378516, 21.53872443842879 ], [ 87.17742182749592, 21.536191416087135 ], [ 87.176665248147046, 21.535389085936018 ], [ 87.174163697823317, 21.535389027201017 ], [ 87.17082824374873, 21.533721325378369 ], [ 87.169196251180438, 21.533721321657644 ], [ 87.158333830552579, 21.527888864645703 ], [ 87.15667059625973, 21.527888851497288 ], [ 87.154137861281157, 21.526221187898429 ], [ 87.152496924276349, 21.526221149736571 ], [ 87.15164075075009, 21.525360584965817 ], [ 87.149973020615775, 21.525360522371827 ], [ 87.146668886698862, 21.523777539231446 ], [ 87.144140563505729, 21.521249251921937 ], [ 87.138334787159906, 21.5170577352512 ], [ 87.134922558987839, 21.515341045972544 ], [ 87.112418940906863, 21.55449423310105 ], [ 87.110923054158377, 21.553586559097251 ], [ 87.109669753745436, 21.552719310333572 ] ] ] } },
{ "type": "Feature", "properties": { "seg_id": "S090", "km_from_south": 450, "zone_km2": 25.7, "site_id": "" }, "geometry": { "type": "MultiPolygon", "coordinates": [ [ [ [ 87.165099993405875, 21.579601641025757 ], [ 87.167433443823384, 21.58027112421297 ], [ 87.169390566454453, 21.580790688062315 ], [ 87.170319418252603, 21.581017606259987 ], [ 87.170554785986127, 21.58107799325483 ], [ 87.172213451312771, 21.581597957144698 ], [ 87.1746037572251, 21.582283621176582 ], [ 87.176839813393357, 21.583524071634432 ], [ 87.179358614208127, 21.584769040571974 ], [ 87.183660675564312, 21.586648399946881 ], [ 87.186298102311412, 21.587655933040402 ], [ 87.190776823771756, 21.589130952021101 ], [ 87.193507359185091, 21.589891299584057 ], [ 87.198119405355598, 21.590947704441458 ], [ 87.199643037845846, 21.591223219592095 ], [ 87.201752009578811, 21.591649884861347 ], [ 87.204402304863862, 21.592125891347465 ], [ 87.206180831425471, 21.592397473895229 ], [ 87.20905504480514, 21.592934505327168 ], [ 87.209589319321438, 21.593020735271878 ], [ 87.211133765689638, 21.593382582493696 ], [ 87.213612256156253, 21.593851291586716 ], [ 87.223186077678832, 21.549555660693891 ], [ 87.219971984789012, 21.54955559897677 ], [ 87.219191641069045, 21.548695042486372 ], [ 87.215807241719062, 21.548695023790469 ], [ 87.214995676128979, 21.547914647523655 ], [ 87.210777376877431, 21.547914666809586 ], [ 87.20997028420399, 21.547054082340473 ], [ 87.204168932667386, 21.547054117377318 ], [ 87.201636155954247, 21.549582369766991 ], [ 87.199995269730408, 21.549582411319435 ], [ 87.197471390446282, 21.547861205255163 ], [ 87.19330656171698, 21.547080798861494 ], [ 87.192495065303731, 21.546278147886685 ], [ 87.187469634653581, 21.545417558654908 ], [ 87.186667009354736, 21.544556950460404 ], [ 87.179969418823603, 21.542889288067961 ], [ 87.179559185567328, 21.5449716792291 ], [ 87.184972533411468, 21.552083924443352 ], [ 87.188330254007752, 21.552057222585109 ], [ 87.190862984084092, 21.550389515412061 ], [ 87.19330656171698, 21.552859811839813 ], [ 87.195830435515617, 21.55372039843683 ], [ 87.197114669268117, 21.554973426168964 ], [ 87.194969800731556, 21.555388097684276 ], [ 87.191634445775549, 21.553720474179645 ], [ 87.189141821947814, 21.553720397086266 ], [ 87.187469634653581, 21.554581013443137 ], [ 87.186689285678852, 21.553720410522299 ], [ 87.184972533411468, 21.553720389794698 ], [ 87.184165455830268, 21.552891050020804 ], [ 87.182439791823484, 21.552891036170276 ], [ 87.179140052011149, 21.551276862734007 ], [ 87.176696426386229, 21.552083931559697 ], [ 87.175835823395616, 21.551223296300609 ], [ 87.174163697823317, 21.551223373909878 ], [ 87.172081291096148, 21.54997035727553 ], [ 87.172531668180099, 21.548748527409511 ], [ 87.175024255185136, 21.548748571357997 ], [ 87.176246088946058, 21.546639335285182 ], [ 87.174339569279184, 21.543373260019042 ], [ 87.15959947338149, 21.577708010137393 ], [ 87.16126464964546, 21.578333568195685 ], [ 87.165099993405875, 21.579601641025757 ] ] ], [ [ [ 87.13782004694329, 21.521675481275224 ], [ 87.13635258482941, 21.526019571137205 ], [ 87.136928552776624, 21.526163183146732 ], [ 87.144762409770934, 21.521871101145244 ], [ 87.144140563505729, 21.521249251921937 ], [ 87.139544979185217, 21.517931477763607 ], [ 87.13782004694329, 21.521675481275224 ] ] ], [ [ [ 87.176334758378516, 21.53872443842879 ], [ 87.176665248147046, 21.538724439670304 ], [ 87.184999296369838, 21.542889303866943 ], [ 87.190002410852017, 21.543749856543254 ], [ 87.19330656171698, 21.545417602684669 ], [ 87.198331979649254, 21.546251477817702 ], [ 87.199995269730408, 21.547861216655914 ], [ 87.201636155954247, 21.547861173347151 ], [ 87.202077663105044, 21.546666088698299 ], [ 87.201225958745596, 21.54499838938122 ], [ 87.195808163500601, 21.541275120224462 ], [ 87.191634445775549, 21.540418917260315 ], [ 87.190836224445832, 21.53955831259368 ], [ 87.188330254007752, 21.539558294460821 ], [ 87.184999296369838, 21.537890654125277 ], [ 87.18250221670317, 21.537917332505952 ], [ 87.181641567279001, 21.537056731852172 ], [ 87.177476788205581, 21.536249699820829 ], [ 87.17742182749592, 21.536191416087135 ], [ 87.176334758378516, 21.53872443842879 ] ] ] ] } },
{ "type": "Feature", "properties": { "seg_id": "S091", "km_from_south": 455, "zone_km2": 34.5, "site_id": "" }, "geometry": { "type": "MultiPolygon", "coordinates": [ [ [ [ 87.211009221870896, 21.593285728590455 ], [ 87.211255639509275, 21.593346032475498 ], [ 87.213715935746507, 21.593884213577912 ], [ 87.216684347826941, 21.594457348522734 ], [ 87.217694744833523, 21.594601383349914 ], [ 87.218658275708549, 21.594854597934336 ], [ 87.223568861391499, 21.595890185973872 ], [ 87.226545857072921, 21.596367044161198 ], [ 87.228359275607659, 21.596612182352942 ], [ 87.228697921325264, 21.596682554602992 ], [ 87.233972770068803, 21.597495192930641 ], [ 87.235974533828241, 21.597697934019198 ], [ 87.236046786937777, 21.59771266742781 ], [ 87.240598817168305, 21.598429698772676 ], [ 87.243348913300295, 21.598737319102906 ], [ 87.245647219825003, 21.598942401137911 ], [ 87.252547754068459, 21.599402640087341 ], [ 87.255357541975428, 21.599836005283198 ], [ 87.260528383895704, 21.60036790508574 ], [ 87.263644774429579, 21.600530274782457 ], [ 87.266245667614811, 21.600600103890851 ], [ 87.270827997597266, 21.600607569023925 ], [ 87.270911492580026, 21.555432931492298 ], [ 87.259970168375432, 21.555414862833199 ], [ 87.259163083309105, 21.554554304204579 ], [ 87.247529256232909, 21.553778392330955 ], [ 87.245803555095335, 21.554581024474608 ], [ 87.243364443054318, 21.552917750277803 ], [ 87.237474014159943, 21.552917819225964 ], [ 87.236662441882132, 21.552057182006394 ], [ 87.229108741437372, 21.551223356219548 ], [ 87.228332802810002, 21.550416266038944 ], [ 87.224136815811818, 21.55041625805217 ], [ 87.223276241354512, 21.549555661531823 ], [ 87.223186077678832, 21.549555660693891 ], [ 87.215246845765392, 21.586290379925302 ], [ 87.188268064409883, 21.554170092911278 ], [ 87.187469634653581, 21.554581013443137 ], [ 87.186689285678852, 21.553720410522299 ], [ 87.184972533411468, 21.553720389794698 ], [ 87.184165455830268, 21.552891050020804 ], [ 87.182439791823484, 21.552891036170276 ], [ 87.179140052011149, 21.551276862734007 ], [ 87.178769467759992, 21.551399260380521 ], [ 87.178780453512388, 21.552819646949683 ], [ 87.179279075864997, 21.557228311119225 ], [ 87.18023727330862, 21.561570018980913 ], [ 87.181645856543184, 21.565802949556964 ], [ 87.183491294761254, 21.569886326145905 ], [ 87.18575584462134, 21.573780809454771 ], [ 87.188417719995698, 21.577448877 ], [ 87.191451300902557, 21.580855185102461 ], [ 87.194827379644352, 21.583966909966176 ], [ 87.198513441805545, 21.58675406452878 ], [ 87.202473979415146, 21.589189788003974 ], [ 87.206670833257519, 21.591250605298157 ], [ 87.211063561021248, 21.592916653774594 ], [ 87.211108976318997, 21.592929193633434 ], [ 87.211009221870896, 21.593285728590455 ] ] ], [ [ [ 87.179767385512065, 21.544045502499625 ], [ 87.179742296542074, 21.544042194251457 ], [ 87.179559185567328, 21.5449716792291 ], [ 87.184972533411468, 21.552083924443352 ], [ 87.186506141299148, 21.552071737006326 ], [ 87.179767385512065, 21.544045502499625 ] ] ] ] } },
{ "type": "Feature", "properties": { "seg_id": "S092", "km_from_south": 460, "zone_km2": 25.0, "site_id": "" }, "geometry": { "type": "Polygon", "coordinates": [ [ [ 87.270827997597294, 21.600607569023925 ], [ 87.274640474673603, 21.600613683820445 ], [ 87.274931834344301, 21.600659231539126 ], [ 87.277384629674813, 21.600954780995668 ], [ 87.281491386868936, 21.601283727938291 ], [ 87.283962206963039, 21.601382554981647 ], [ 87.286023104417495, 21.601423788097954 ], [ 87.304630452619222, 21.601423543403595 ], [ 87.305510323347221, 21.601508685800191 ], [ 87.31046638984003, 21.60174850863989 ], [ 87.313444009264686, 21.601749292643696 ], [ 87.318400216202292, 21.601512079948375 ], [ 87.32070348964865, 21.601290415108735 ], [ 87.3210054411296, 21.601269156410133 ], [ 87.320960671017005, 21.600713021527373 ], [ 87.319097182897124, 21.600778462324815 ], [ 87.319100889535633, 21.556222195521894 ], [ 87.316636375228114, 21.556221993295594 ], [ 87.315780223472416, 21.557082573215752 ], [ 87.308302332385438, 21.557055867053439 ], [ 87.307504192476074, 21.55624874613866 ], [ 87.279973658556742, 21.556248748719074 ], [ 87.279166613627538, 21.555446088794611 ], [ 87.270911492580026, 21.555432931492298 ], [ 87.270830346313218, 21.599335953013018 ], [ 87.269540264212296, 21.599180815720885 ], [ 87.269419947762316, 21.599727058280376 ], [ 87.270829122528824, 21.599998514773574 ], [ 87.270827997597294, 21.600607569023925 ] ] ] } },
{ "type": "Feature", "properties": { "seg_id": "S093", "km_from_south": 465, "zone_km2": 23.2, "site_id": "" }, "geometry": { "type": "Polygon", "coordinates": [ [ [ 87.31909713279731, 21.60139672586623 ], [ 87.340411829744866, 21.601396870854039 ], [ 87.342470131747973, 21.601355711427004 ], [ 87.344937844051643, 21.601257096786746 ], [ 87.349039459081908, 21.600928916117873 ], [ 87.351489208513428, 21.600634072193841 ], [ 87.355545996796309, 21.599980333972645 ], [ 87.35795996613929, 21.599491405551923 ], [ 87.358711229520438, 21.599323485306815 ], [ 87.358827003797416, 21.599301517002431 ], [ 87.359150916099452, 21.599225206069924 ], [ 87.359962307294111, 21.599043839611006 ], [ 87.360496117005255, 21.598913210940395 ], [ 87.360494822871004, 21.598908585706745 ], [ 87.363190763732433, 21.598273393429537 ], [ 87.364818802680873, 21.597813382889896 ], [ 87.367279193125441, 21.59762258336287 ], [ 87.369755675638018, 21.597329619987281 ], [ 87.37385680406797, 21.596675488761054 ], [ 87.374897801698992, 21.596465926875386 ], [ 87.376145825710665, 21.596255391137475 ], [ 87.376627842049572, 21.596162207045971 ], [ 87.372663871883773, 21.578226011797362 ], [ 87.371634979513686, 21.57872261508837 ], [ 87.366609533337936, 21.578722636729726 ], [ 87.365838139939157, 21.579525279184896 ], [ 87.357477340670258, 21.579556503926195 ], [ 87.356696933039458, 21.578749408338169 ], [ 87.349999374784716, 21.578722610982545 ], [ 87.347502336473624, 21.58291417687488 ], [ 87.347051965862605, 21.58083180009406 ], [ 87.345834564476974, 21.579583213041648 ], [ 87.340501552649087, 21.577750504446247 ], [ 87.339248514563053, 21.574945774971379 ], [ 87.341638616786483, 21.570415303177473 ], [ 87.347471119808262, 21.56961266147972 ], [ 87.348336162249794, 21.568720869437215 ], [ 87.350828761699177, 21.568720864945309 ], [ 87.351693893449934, 21.567918231402007 ], [ 87.355002520264776, 21.567918247703933 ], [ 87.355805152486397, 21.567053152346048 ], [ 87.358306670445913, 21.567053174587262 ], [ 87.36164209681759, 21.565443382529718 ], [ 87.364134742987787, 21.565416631251669 ], [ 87.366636344425373, 21.563748973547572 ], [ 87.369341770640403, 21.563190512378991 ], [ 87.366882329551501, 21.552057191992471 ], [ 87.365838139939157, 21.552057191571365 ], [ 87.364973043225703, 21.552917818956871 ], [ 87.356696933039458, 21.552891015400313 ], [ 87.355836363578462, 21.553747207614855 ], [ 87.353303576171697, 21.553747219455339 ], [ 87.349999374784716, 21.555361352428157 ], [ 87.347502336473624, 21.555361384783097 ], [ 87.346641673242303, 21.556221976685769 ], [ 87.319100889535633, 21.556222195521894 ], [ 87.31909713279731, 21.60139672586623 ] ] ] } },
{ "type": "Feature", "properties": { "seg_id": "S094", "km_from_south": 470, "zone_km2": 16.3, "site_id": "" }, "geometry": { "type": "MultiPolygon", "coordinates": [ [ [ [ 87.34111239966829, 21.577960435278619 ], [ 87.340501552649087, 21.577750504446247 ], [ 87.339248514563053, 21.574945774971379 ], [ 87.33957508379919, 21.574326776957012 ], [ 87.331919719774859, 21.556229279866358 ], [ 87.331324755616734, 21.556264835028102 ], [ 87.331341059555214, 21.556503594819347 ], [ 87.331536214274024, 21.558595731342518 ], [ 87.331832647250508, 21.561099846700223 ], [ 87.33253355050887, 21.565247378847058 ], [ 87.333077300096193, 21.567714922769557 ], [ 87.334186951181522, 21.571783646101007 ], [ 87.33497335093432, 21.574193292455412 ], [ 87.336482212654943, 21.578148040095261 ], [ 87.337504496515692, 21.580478960426102 ], [ 87.339399576463052, 21.584285546230905 ], [ 87.340648936234871, 21.586517590032251 ], [ 87.34291389750544, 21.590143104551178 ], [ 87.344379558109523, 21.592256973759696 ], [ 87.346994859183155, 21.595670069283553 ], [ 87.348664171080301, 21.597647485471576 ], [ 87.351607233691752, 21.600818647684584 ], [ 87.353465781693416, 21.602642510492682 ], [ 87.3550523945582, 21.604128703073641 ], [ 87.356314246151882, 21.605256945498937 ], [ 87.358204040556657, 21.606859442001028 ], [ 87.360524545257761, 21.608725089889798 ], [ 87.364562322808453, 21.611639160446881 ], [ 87.367080391689314, 21.613265515997639 ], [ 87.371424464598306, 21.61576506150374 ], [ 87.374112008915588, 21.617133973383325 ], [ 87.376383890042405, 21.618219381896083 ], [ 87.37755746416866, 21.61874398177039 ], [ 87.398405169291863, 21.577952544967825 ], [ 87.398331630605313, 21.577915477147183 ], [ 87.393301722534588, 21.577054900281535 ], [ 87.392913788325288, 21.575806355991574 ], [ 87.389168107710034, 21.57208303021693 ], [ 87.387473663883526, 21.571222361223462 ], [ 87.38083852371237, 21.571249165391357 ], [ 87.379197611609129, 21.572916876767117 ], [ 87.378332535699144, 21.572858882294522 ], [ 87.373307130220851, 21.577915532985205 ], [ 87.372663871883674, 21.578226011797412 ], [ 87.376329908601662, 21.59481428021077 ], [ 87.374608174242155, 21.594962465579307 ], [ 87.343064912960116, 21.582105631490194 ], [ 87.343006664304028, 21.582048900311097 ], [ 87.34270496792854, 21.581724478592918 ], [ 87.34111239966829, 21.577960435278619 ] ] ], [ [ [ 87.369341770640361, 21.563190512379006 ], [ 87.370805583831682, 21.562888328178996 ], [ 87.37247329634414, 21.561220664631811 ], [ 87.374970361222964, 21.560418031129039 ], [ 87.379585508701425, 21.55580729937553 ], [ 87.379554313505224, 21.553363733402094 ], [ 87.37666480572824, 21.55041619714347 ], [ 87.372495560379605, 21.550442969380011 ], [ 87.37000290680929, 21.552057154273683 ], [ 87.366882329551501, 21.552057191992471 ], [ 87.369341770640361, 21.563190512379006 ] ] ] ] } },
{ "type": "Feature", "properties": { "seg_id": "S095", "km_from_south": 475, "zone_km2": 29.5, "site_id": "" }, "geometry": { "type": "Polygon", "coordinates": [ [ [ 87.377557464168632, 21.618743981770372 ], [ 87.378932245012024, 21.619358507660333 ], [ 87.381376073014422, 21.620374140415418 ], [ 87.384342524424326, 21.621516048086999 ], [ 87.385499575094755, 21.621892868716888 ], [ 87.388824681222175, 21.623895299052993 ], [ 87.391298815266154, 21.62522873947475 ], [ 87.393325835427021, 21.626259808035996 ], [ 87.400536903032773, 21.630152833029832 ], [ 87.402445436024877, 21.631130194876445 ], [ 87.404762787703902, 21.632254194072669 ], [ 87.408711414515977, 21.633962948505193 ], [ 87.411127604323468, 21.634887372417921 ], [ 87.415224764400193, 21.636256901236472 ], [ 87.417720174313402, 21.636974243013821 ], [ 87.421932598711322, 21.637993424719468 ], [ 87.424486964697635, 21.638497859017154 ], [ 87.428780444483223, 21.639158417104102 ], [ 87.43137302169923, 21.639445847582614 ], [ 87.431443259953141, 21.638892027260535 ], [ 87.418180340597246, 21.634935791072007 ], [ 87.441157567567458, 21.597555640014292 ], [ 87.439970681068985, 21.597085160500111 ], [ 87.437531553693702, 21.5945836555263 ], [ 87.434133727300733, 21.596251295865308 ], [ 87.426637966684694, 21.592082044281796 ], [ 87.415833594683377, 21.586249560090177 ], [ 87.413331988220435, 21.586196099043448 ], [ 87.412475869780252, 21.587056664963956 ], [ 87.411245119864077, 21.586664277231449 ], [ 87.411222874360931, 21.58414044428908 ], [ 87.408279866856489, 21.581224152544603 ], [ 87.404975628157501, 21.580359075403983 ], [ 87.403303479606791, 21.581224122123658 ], [ 87.401640276905056, 21.579583178037172 ], [ 87.398405169291863, 21.577952544967825 ], [ 87.382897572867009, 21.608297717266499 ], [ 87.365733558795853, 21.579525672351998 ], [ 87.357477340670258, 21.579556503926195 ], [ 87.356763098065045, 21.578817836536384 ], [ 87.35668846577353, 21.581327101296335 ], [ 87.357021706836619, 21.585749332007591 ], [ 87.357816824567337, 21.590119712855099 ], [ 87.359066201268973, 21.594396147701843 ], [ 87.360757840892418, 21.598537441749006 ], [ 87.362875483171166, 21.602503698660819 ], [ 87.365398759013388, 21.60625670530148 ], [ 87.368303385701239, 21.609760300359323 ], [ 87.371561400055455, 21.612980723284792 ], [ 87.375141427346776, 21.615886940155352 ], [ 87.378036772462167, 21.617806431529338 ], [ 87.377557464168632, 21.618743981770372 ] ] ] } },
{ "type": "Feature", "properties": { "seg_id": "S096", "km_from_south": 480, "zone_km2": 26.7, "site_id": "" }, "geometry": { "type": "Polygon", "coordinates": [ [ [ 87.423926768545826, 21.639654122798806 ], [ 87.426720551034208, 21.640808947702517 ], [ 87.431478935404371, 21.642501524868564 ], [ 87.434387275561377, 21.643374968494346 ], [ 87.439309876465927, 21.644589820972602 ], [ 87.442300443736841, 21.64517217331419 ], [ 87.44733253553602, 21.645895795672519 ], [ 87.450372081361536, 21.64618058283509 ], [ 87.452514687884715, 21.646328106487793 ], [ 87.457550091818192, 21.648538035489697 ], [ 87.460751945856515, 21.649731524015564 ], [ 87.463451844433123, 21.650651840744942 ], [ 87.463776920400662, 21.650752512996011 ], [ 87.465392110319101, 21.651294961413644 ], [ 87.466171919657711, 21.651575819924574 ], [ 87.468209126633838, 21.652273658744811 ], [ 87.470405510243594, 21.652970563967227 ], [ 87.471468957043513, 21.653281578302348 ], [ 87.471647072318575, 21.652749319404393 ], [ 87.469866207562077, 21.652178664844829 ], [ 87.486545728328892, 21.610391118804724 ], [ 87.48580578169458, 21.610391128565372 ], [ 87.484971927312586, 21.610391135404562 ], [ 87.484138057881552, 21.609584031091767 ], [ 87.482474806798294, 21.609584091783486 ], [ 87.481667712582407, 21.608723469626575 ], [ 87.479942041504458, 21.608750202733173 ], [ 87.479139436309993, 21.607889546683491 ], [ 87.475830799921184, 21.607028993547441 ], [ 87.465833486906732, 21.601196484215407 ], [ 87.462502509016545, 21.601223262835717 ], [ 87.461637472140794, 21.602083871990814 ], [ 87.456665520800556, 21.602083804714724 ], [ 87.455804985981445, 21.60122326093072 ], [ 87.449143086068759, 21.601249987896921 ], [ 87.448335939494541, 21.600389405576941 ], [ 87.445807656155253, 21.600389366830921 ], [ 87.444166693184783, 21.598748399568141 ], [ 87.441157567567458, 21.597555640014292 ], [ 87.41729344166697, 21.636378184647803 ], [ 87.419385493085898, 21.637502636990224 ], [ 87.423926768545826, 21.639654122798806 ] ] ] } },
{ "type": "Feature", "properties": { "seg_id": "S097", "km_from_south": 485, "zone_km2": 30.4, "site_id": "" }, "geometry": { "type": "Polygon", "coordinates": [ [ [ 87.462594282846936, 21.608179139680605 ], [ 87.462011314351088, 21.60806152713128 ], [ 87.462004331225302, 21.608091795644835 ], [ 87.461233143508608, 21.612465881643992 ], [ 87.460924124789713, 21.61688958818684 ], [ 87.461080293181425, 21.62132031434545 ], [ 87.461700186922201, 21.625715387772004 ], [ 87.462777876830287, 21.630032475730665 ], [ 87.464303021836884, 21.634229993002986 ], [ 87.466260967124043, 21.638267502730422 ], [ 87.468632883978316, 21.642106106320355 ], [ 87.471395950063112, 21.645708818642365 ], [ 87.472134967837761, 21.646496173893535 ], [ 87.469651015965383, 21.65271762409623 ], [ 87.470564552320994, 21.653036392283525 ], [ 87.470742356662285, 21.653098062994349 ], [ 87.470955876588178, 21.653171675891155 ], [ 87.47113393878881, 21.65323269334122 ], [ 87.473956803092847, 21.654194115493073 ], [ 87.476186914339962, 21.654896598796139 ], [ 87.478883438415522, 21.655678138393061 ], [ 87.479069101606612, 21.655722812402125 ], [ 87.47933918345835, 21.65583152358861 ], [ 87.484489601067082, 21.657587979617009 ], [ 87.486521539889949, 21.658161075077796 ], [ 87.490612761164641, 21.659584334195696 ], [ 87.493381123997892, 21.660402331689706 ], [ 87.49806235404634, 21.66154789657185 ], [ 87.498489983286774, 21.661631400919386 ], [ 87.499051099763292, 21.661771682945041 ], [ 87.502064700776685, 21.66237869288155 ], [ 87.504095346813941, 21.662745359040191 ], [ 87.506286350790049, 21.66309566506515 ], [ 87.50629184834996, 21.66306561786941 ], [ 87.507831395089511, 21.663419247599858 ], [ 87.508094362090674, 21.663468440829973 ], [ 87.509309277922313, 21.663808012610694 ], [ 87.51433253462308, 21.664942328784687 ], [ 87.514914780630917, 21.665043347211618 ], [ 87.517241202473258, 21.665771324304831 ], [ 87.518569149959973, 21.666151606553765 ], [ 87.518719819205799, 21.665691870262442 ], [ 87.518767292847713, 21.665699579563501 ], [ 87.519740337542004, 21.665846851851235 ], [ 87.51983569407551, 21.665296329201396 ], [ 87.518925476187292, 21.665064345391205 ], [ 87.53258824429571, 21.623362526826067 ], [ 87.529999951616958, 21.622056143233063 ], [ 87.528336692941082, 21.622082923668668 ], [ 87.527471605623674, 21.621222274499289 ], [ 87.520858758628577, 21.620446395320279 ], [ 87.51999813559577, 21.619581323185155 ], [ 87.516609233696286, 21.619581379741451 ], [ 87.515806586377721, 21.61872078612662 ], [ 87.511641836353277, 21.618747486739419 ], [ 87.510834723411563, 21.61789135107221 ], [ 87.504944258778991, 21.617026246925636 ], [ 87.502500626320113, 21.615389803698442 ], [ 87.497475217212099, 21.61452918497665 ], [ 87.495004905412742, 21.6128882427418 ], [ 87.492467690838012, 21.612888214268281 ], [ 87.489167940185723, 21.611251753071532 ], [ 87.487504719092911, 21.611251771917217 ], [ 87.48663962102701, 21.610391117330863 ], [ 87.486545728328892, 21.610391118804724 ], [ 87.486190721856332, 21.611280786140103 ], [ 87.485721605257879, 21.610391129445453 ], [ 87.484971927312586, 21.610391135404562 ], [ 87.484138057881552, 21.609584031091767 ], [ 87.482474806798294, 21.609584091783486 ], [ 87.482007271809849, 21.609085550786734 ], [ 87.481588462974656, 21.610352016462627 ], [ 87.480638536961237, 21.614695233853574 ], [ 87.480148401471638, 21.619104601050626 ], [ 87.480122818395685, 21.623537656670937 ], [ 87.480357625303995, 21.625897239852808 ], [ 87.479449320087483, 21.628172975303769 ], [ 87.467163174457426, 21.612488571550667 ], [ 87.466572352690676, 21.612412483309441 ], [ 87.466571415594984, 21.612418846050328 ], [ 87.466448047244768, 21.61372687975069 ], [ 87.462594282846936, 21.608179139680605 ] ] ] } },
{ "type": "Feature", "properties": { "seg_id": "S098", "km_from_south": 490, "zone_km2": 25.8, "site_id": "" }, "geometry": { "type": "Polygon", "coordinates": [ [ [ 87.518569149959845, 21.666151606553729 ], [ 87.520094488459705, 21.666588399675195 ], [ 87.522666336293483, 21.667252816921689 ], [ 87.525061816765955, 21.667805570498025 ], [ 87.527332778770116, 21.668774938129523 ], [ 87.52791826983524, 21.668995017678217 ], [ 87.529721300027646, 21.669862132120109 ], [ 87.534411965592525, 21.671830322518836 ], [ 87.537289641697299, 21.672869556025343 ], [ 87.542177630479188, 21.674360565588845 ], [ 87.545157226084442, 21.675108007187106 ], [ 87.550187139417815, 21.676104936967285 ], [ 87.553234882614973, 21.676552115250363 ], [ 87.558349706465634, 21.677043666383291 ], [ 87.561431049694662, 21.677185513410848 ], [ 87.562877733121312, 21.677216059439775 ], [ 87.563488927530855, 21.677301909660304 ], [ 87.566618594769309, 21.678049975574982 ], [ 87.569354942140166, 21.678569249938246 ], [ 87.578906660838229, 21.634581778963149 ], [ 87.576615399918779, 21.634581748624736 ], [ 87.573302297793205, 21.632887276434644 ], [ 87.568334835411463, 21.632887337625426 ], [ 87.567474195332949, 21.632053484107391 ], [ 87.559198091129204, 21.632084627451508 ], [ 87.557891594522715, 21.633279702504446 ], [ 87.557472454817116, 21.636195933708088 ], [ 87.548309031714837, 21.627915448478589 ], [ 87.546668087020294, 21.627915368973412 ], [ 87.542472023769918, 21.625413864357416 ], [ 87.540799859542318, 21.625413815764151 ], [ 87.5400017082885, 21.624557754609285 ], [ 87.536635105155639, 21.624584447517101 ], [ 87.535836881660643, 21.623723821997537 ], [ 87.533304101871849, 21.623723828732928 ], [ 87.53258824429571, 21.623362526826067 ], [ 87.519164444067997, 21.664335171430288 ], [ 87.518730384697989, 21.664151115921008 ], [ 87.518433703241115, 21.664634963958797 ], [ 87.518960713266893, 21.664917328206432 ], [ 87.518971811349857, 21.664922961307724 ], [ 87.518569149959845, 21.666151606553729 ] ] ] } }
]
}
